2026-01-10T05:15:24.223+08:00 DEBUG 48928 --- [platform-gateway] [reactor-tcp-nio-3] c.i.g.exception.GlobalExceptionHandler   : [ExceptionHandler] [TraceID: unknown-trace-id] Returning error response: code=500, message=System is busy, please try again later
2026-01-10T05:15:24.224+08:00  WARN 48928 --- [platform-gateway] [reactor-tcp-nio-3] i.a.r.mysql.client.ReactorNettyClient    : Connection unexpectedly closed
2026-01-10T05:15:24.231+08:00  WARN 48928 --- [platform-gateway] [reactor-tcp-nio-6] i.a.r.mysql.client.ReactorNettyClient    : Connection unexpectedly closed
2026-01-10T05:15:24.231+08:00  WARN 48928 --- [platform-gateway] [reactor-tcp-nio-5] i.a.r.mysql.client.ReactorNettyClient    : Connection unexpectedly closed
2026-01-10T05:15:24.240+08:00  WARN 48928 --- [platform-gateway] [reactor-tcp-nio-7] i.a.r.mysql.client.ReactorNettyClient    : Connection unexpectedly closed
2026-01-10T05:15:24.245+08:00  WARN 48928 --- [platform-gateway] [reactor-tcp-nio-8] i.a.r.mysql.client.ReactorNettyClient    : Connection unexpectedly closed
2026-01-10T05:15:24.250+08:00  WARN 48928 --- [platform-gateway] [reactor-tcp-nio-9] i.a.r.mysql.client.ReactorNettyClient    : Connection unexpectedly closed
2026-01-10T05:15:24.256+08:00  WARN 48928 --- [platform-gateway] [reactor-tcp-nio-10] i.a.r.mysql.client.ReactorNettyClient    : Connection unexpectedly closed
2026-01-10T05:15:24.264+08:00  WARN 48928 --- [platform-gateway] [reactor-tcp-nio-11] i.a.r.mysql.client.ReactorNettyClient    : Connection unexpectedly closed
2026-01-10T05:15:29.171+08:00 DEBUG 48928 --- [platform-gateway] [reactor-http-nio-6] c.i.g.filter.GlobalBodyCachingFilter     : [BodyCache] [TraceID: unknown] Request: /actuator/prometheus, Content-Type: null
2026-01-10T05:15:29.172+08:00 DEBUG 48928 --- [platform-gateway] [reactor-http-nio-6] c.i.gateway.plugin.IpRestrictionPlugin   : Incoming request from IP: 127.0.0.1
2026-01-10T05:15:29.172+08:00 DEBUG 48928 --- [platform-gateway] [reactor-http-nio-6] cn.icofun.gateway.plugin.WafPlugin       : [WAF] [TraceID: unknown] [Route: unknown] waf_enabled type: null, using default: true
2026-01-10T05:15:29.172+08:00 DEBUG 48928 --- [platform-gateway] [reactor-http-nio-6] cn.icofun.gateway.plugin.WafPlugin       : [WAF] [TraceID: unknown] [Route: unknown] Checking request body, size: 0 chars
2026-01-10T05:15:29.172+08:00 DEBUG 48928 --- [platform-gateway] [reactor-http-nio-6] c.icofun.gateway.service.WafRuleService  : [WAF] Cache miss, loading rules from database...
2026-01-10T05:15:29.174+08:00 DEBUG 48928 --- [platform-gateway] [reactor-http-nio-6] cn.icofun.gateway.plugin.WafPlugin       : [WAF] [TraceID: unknown] [Route: unknown] Starting WAF rule evaluation...
2026-01-10T05:15:29.183+08:00  WARN 48928 --- [platform-gateway] [reactor-tcp-nio-12] i.a.r.mysql.client.ReactorNettyClient    : Connection unexpectedly closed
2026-01-10T05:15:29.192+08:00  WARN 48928 --- [platform-gateway] [reactor-tcp-nio-14] i.a.r.mysql.client.ReactorNettyClient    : Connection unexpectedly closed
2026-01-10T05:15:29.193+08:00 ERROR 48928 --- [platform-gateway] [reactor-tcp-nio-13] cn.icofun.gateway.core.PluginChain       : Gateway Plugin [WafPlugin] execution failed unexpectedly. Skipping to next...

org.springframework.dao.DataAccessResourceFailureException: Failed to obtain R2DBC Connection
	at org.springframework.r2dbc.connection.ConnectionFactoryUtils.lambda$getConnection$0(ConnectionFactoryUtils.java:102)
	Suppressed: The stacktrace has been enhanced by Reactor, refer to additional information below: 
Assembly trace from producer [reactor.core.publisher.MonoError] :

Error has been observed at the following site(s):
	*_____Mono.onErrorMap ⇢ at org.springframework.r2dbc.connection.ConnectionFactoryUtils.getConnection(ConnectionFactoryUtils.java:102)
	|_           Mono.map ⇢ at org.springframework.r2dbc.core.DefaultDatabaseClient.inConnectionMany(DefaultDatabaseClient.java:140)
	*______Flux.usingWhen ⇢ at org.springframework.r2dbc.core.DefaultDatabaseClient.inConnectionMany(DefaultDatabaseClient.java:143)
	|_    Flux.onErrorMap ⇢ at org.springframework.r2dbc.core.DefaultDatabaseClient.inConnectionMany(DefaultDatabaseClient.java:155)
	|_     Flux.concatMap ⇢ at org.springframework.data.r2dbc.core.R2dbcEntityTemplate$EntityCallbackAdapter.all(R2dbcEntityTemplate.java:962)
	*____Mono.flatMapMany ⇢ at org.springframework.data.r2dbc.repository.query.AbstractR2dbcQuery.lambda$execute$0(AbstractR2dbcQuery.java:78)
	*____Mono.flatMapMany ⇢ at org.springframework.data.r2dbc.repository.query.AbstractR2dbcQuery.execute(AbstractR2dbcQuery.java:78)
	*______Flux.usingWhen ⇢ at org.springframework.data.repository.core.support.RepositoryMethodInvoker$ReactiveInvocationListenerDecorator.decorate(RepositoryMethodInvoker.java:236)
	|_          Flux.sort ⇢ at cn.icofun.gateway.service.WafRuleService.refreshRules(WafRuleService.kt:50)
	|_          Flux.sort ⇢ at cn.icofun.gateway.service.WafRuleService.refreshRules(WafRuleService.kt:50)
	|_          Flux.sort ⇢ at cn.icofun.gateway.service.WafRuleService.refreshRules(WafRuleService.kt:50)
	|_   Flux.collectList ⇢ at cn.icofun.gateway.service.WafRuleService.refreshRules(WafRuleService.kt:51)
	|_      Mono.doOnNext ⇢ at cn.icofun.gateway.service.WafRuleService.refreshRules(WafRuleService.kt:52)
	|_   Mono.flatMapMany ⇢ at cn.icofun.gateway.service.WafRuleService.getActiveRules(WafRuleService.kt:41)
	|_ Flux.doOnSubscribe ⇢ at cn.icofun.gateway.plugin.WafPlugin.execute(WafPlugin.kt:78)
	|_  Flux.doOnComplete ⇢ at cn.icofun.gateway.plugin.WafPlugin.execute(WafPlugin.kt:81)
	|_        Flux.filter ⇢ at cn.icofun.gateway.plugin.WafPlugin.execute(WafPlugin.kt:84)
	|_          Flux.next ⇢ at cn.icofun.gateway.plugin.WafPlugin.execute(WafPlugin.kt:107)
	|_       Mono.flatMap ⇢ at cn.icofun.gateway.plugin.WafPlugin.execute(WafPlugin.kt:108)
	|_ Mono.switchIfEmpty ⇢ at cn.icofun.gateway.plugin.WafPlugin.execute(WafPlugin.kt:138)
	|_       Mono.timeout ⇢ at cn.icofun.gateway.core.PluginChain.execute(PluginChain.kt:35)
Original Stack Trace:
		at org.springframework.r2dbc.connection.ConnectionFactoryUtils.lambda$getConnection$0(ConnectionFactoryUtils.java:102)
		at reactor.core.publisher.Mono.lambda$onErrorMap$1(Mono.java:3855)
		at reactor.core.publisher.FluxOnErrorResume$ResumeSubscriber.onError(FluxOnErrorResume.java:95)
		at reactor.core.publisher.FluxOnErrorResume$ResumeSubscriber.onError(FluxOnErrorResume.java:107)
		at reactor.core.publisher.FluxRetry$RetrySubscriber.onError(FluxRetry.java:97)
		at reactor.core.publisher.MonoFlatMap$FlatMapMain.onError(MonoFlatMap.java:181)
		at reactor.core.publisher.FluxContextWriteRestoringThreadLocals$ContextWriteRestoringThreadLocalsSubscriber.onError(FluxContextWriteRestoringThreadLocals.java:141)
		at reactor.pool.AbstractPool$Borrower.fail(AbstractPool.java:478)
		at reactor.pool.SimpleDequePool.lambda$drainLoop$9(SimpleDequePool.java:444)
		at reactor.core.publisher.FluxDoOnEach$DoOnEachSubscriber.onError(FluxDoOnEach.java:186)
		at reactor.core.publisher.MonoSubscribeOn$SubscribeOnSubscriber.onError(MonoSubscribeOn.java:155)
		at reactor.core.publisher.MonoFlatMap$FlatMapMain.secondError(MonoFlatMap.java:242)
		at reactor.core.publisher.MonoFlatMap$FlatMapInner.onError(MonoFlatMap.java:317)
		at reactor.core.publisher.FluxOnErrorResume$ResumeSubscriber.onError(FluxOnErrorResume.java:107)
		at reactor.core.publisher.MonoIgnoreThen$ThenIgnoreMain.onError(MonoIgnoreThen.java:283)
		at reactor.core.publisher.MonoIgnoreThen$ThenIgnoreMain.subscribeNext(MonoIgnoreThen.java:235)
		at reactor.core.publisher.MonoIgnoreThen$ThenIgnoreMain.onComplete(MonoIgnoreThen.java:207)
		at reactor.core.publisher.MonoContextWriteRestoringThreadLocals$ContextWriteRestoringThreadLocalsSubscriber.onComplete(MonoContextWriteRestoringThreadLocals.java:143)
		at reactor.core.publisher.Operators.complete(Operators.java:137)
		at reactor.netty.FutureMono.doSubscribe(FutureMono.java:122)
		at reactor.netty.FutureMono$DeferredFutureMono.subscribe(FutureMono.java:114)
		at reactor.core.publisher.MonoContextWriteRestoringThreadLocals.subscribe(MonoContextWriteRestoringThreadLocals.java:44)
		at reactor.core.publisher.Mono.subscribe(Mono.java:4569)
		at reactor.core.publisher.MonoIgnoreThen$ThenIgnoreMain.subscribeNext(MonoIgnoreThen.java:268)
		at reactor.core.publisher.MonoIgnoreThen.subscribe(MonoIgnoreThen.java:51)
		at reactor.core.publisher.Mono.subscribe(Mono.java:4569)
		at reactor.core.publisher.FluxOnErrorResume$ResumeSubscriber.onError(FluxOnErrorResume.java:104)
		at reactor.core.publisher.FluxMapFuseable$MapFuseableSubscriber.onError(FluxMapFuseable.java:143)
		at reactor.core.publisher.MonoIgnoreThen$ThenIgnoreMain.onError(MonoIgnoreThen.java:283)
		at reactor.core.publisher.MonoIgnoreElements$IgnoreElementsSubscriber.onError(MonoIgnoreElements.java:84)
		at reactor.core.publisher.MonoFlatMapMany$FlatMapManyInner.onError(MonoFlatMapMany.java:257)
		at reactor.core.publisher.FluxPeekFuseable$PeekFuseableSubscriber.onError(FluxPeekFuseable.java:235)
		at reactor.core.publisher.FluxContextWrite$ContextWriteSubscriber.onError(FluxContextWrite.java:123)
		at reactor.core.publisher.FluxContextWriteRestoringThreadLocalsFuseable$FuseableContextWriteRestoringThreadLocalsSubscriber.onError(FluxContextWriteRestoringThreadLocalsFuseable.java:143)
		at io.asyncer.r2dbc.mysql.internal.util.DiscardOnCancelSubscriber.onError(DiscardOnCancelSubscriber.java:75)
		at reactor.core.publisher.FluxPeekFuseable$PeekFuseableConditionalSubscriber.onError(FluxPeekFuseable.java:554)
		at reactor.core.publisher.FluxHandleFuseable$HandleFuseableConditionalSubscriber.onNext(FluxHandleFuseable.java:516)
		at reactor.core.publisher.FluxPeekFuseable$PeekConditionalSubscriber.onNext(FluxPeekFuseable.java:850)
		at reactor.core.publisher.FluxContextWriteRestoringThreadLocals$ContextWriteRestoringThreadLocalsSubscriber.onNext(FluxContextWriteRestoringThreadLocals.java:119)
		at reactor.core.publisher.SinkManyEmitterProcessor.drain(SinkManyEmitterProcessor.java:483)
		at reactor.core.publisher.SinkManyEmitterProcessor.tryEmitNext(SinkManyEmitterProcessor.java:281)
		at reactor.core.publisher.SinkManySerialized.tryEmitNext(SinkManySerialized.java:100)
		at reactor.core.publisher.InternalManySink.emitNext(InternalManySink.java:27)
		at io.asyncer.r2dbc.mysql.client.ReactorNettyClient$ResponseSink.next(ReactorNettyClient.java:395)
		at io.asyncer.r2dbc.mysql.client.ReactorNettyClient.lambda$new$0(ReactorNettyClient.java:119)
		at reactor.core.publisher.FluxPeek$PeekSubscriber.onNext(FluxPeek.java:188)
		at reactor.core.publisher.FluxContextWriteRestoringThreadLocals$ContextWriteRestoringThreadLocalsSubscriber.onNext(FluxContextWriteRestoringThreadLocals.java:119)
		at reactor.netty.channel.FluxReceive.drainReceiver(FluxReceive.java:296)
		at reactor.netty.channel.FluxReceive.onInboundNext(FluxReceive.java:407)
		at reactor.netty.channel.ChannelOperations.onInboundNext(ChannelOperations.java:445)
		at reactor.netty.channel.ChannelOperationsHandler.channelRead(ChannelOperationsHandler.java:115)
		at io.netty.channel.AbstractChannelHandlerContext.fireChannelRead(AbstractChannelHandlerContext.java:356)
		at io.netty.handler.codec.ByteToMessageDecoder.fireChannelRead(ByteToMessageDecoder.java:361)
		at io.netty.handler.codec.ByteToMessageDecoder.channelRead(ByteToMessageDecoder.java:325)
		at io.netty.channel.AbstractChannelHandlerContext.fireChannelRead(AbstractChannelHandlerContext.java:356)
		at io.netty.channel.DefaultChannelPipeline$HeadContext.channelRead(DefaultChannelPipeline.java:1429)
		at io.netty.channel.DefaultChannelPipeline.fireChannelRead(DefaultChannelPipeline.java:918)
		at io.netty.channel.nio.AbstractNioByteChannel$NioByteUnsafe.read(AbstractNioByteChannel.java:172)
		at io.netty.channel.nio.AbstractNioChannel$AbstractNioUnsafe.handle(AbstractNioChannel.java:445)
		at io.netty.channel.nio.NioIoHandler$DefaultNioRegistration.handle(NioIoHandler.java:388)
		at io.netty.channel.nio.NioIoHandler.processSelectedKey(NioIoHandler.java:596)
		at io.netty.channel.nio.NioIoHandler.processSelectedKeysPlain(NioIoHandler.java:541)
		at io.netty.channel.nio.NioIoHandler.processSelectedKeys(NioIoHandler.java:514)
		at io.netty.channel.nio.NioIoHandler.run(NioIoHandler.java:484)
		at io.netty.channel.SingleThreadIoEventLoop.runIo(SingleThreadIoEventLoop.java:225)
		at io.netty.channel.SingleThreadIoEventLoop.run(SingleThreadIoEventLoop.java:196)
		at io.netty.util.concurrent.SingleThreadEventExecutor$5.run(SingleThreadEventExecutor.java:1195)
		at io.netty.util.internal.ThreadExecutorMap$2.run(ThreadExecutorMap.java:74)
		at io.netty.util.concurrent.FastThreadLocalRunnable.run(FastThreadLocalRunnable.java:30)
		at java.base/java.lang.Thread.run(Thread.java:1474)
Caused by: io.r2dbc.spi.R2dbcPermissionDeniedException: [1045] [28000] Access denied for user 'root'@'172.18.0.1' (using password: YES)
	at io.asyncer.r2dbc.mysql.message.server.ErrorMessage.toException(ErrorMessage.java:90)
	Suppressed: The stacktrace has been enhanced by Reactor, refer to additional information below: 
Assembly trace from producer [reactor.core.publisher.FluxHandleFuseable] :
	reactor.core.publisher.Flux.handle(Flux.java:6155)
	io.asyncer.r2dbc.mysql.client.ReactorNettyClient.lambda$exchange$9(ReactorNettyClient.java:199)
Error has been observed at the following site(s):
	*_________Flux.handle ⇢ at io.asyncer.r2dbc.mysql.client.ReactorNettyClient.lambda$exchange$9(ReactorNettyClient.java:199)
	|_ Flux.doOnTerminate ⇢ at io.asyncer.r2dbc.mysql.client.ReactorNettyClient.lambda$exchange$9(ReactorNettyClient.java:200)
	|_   Flux.doOnDiscard ⇢ at io.asyncer.r2dbc.mysql.client.ReactorNettyClient.lambda$exchange$9(ReactorNettyClient.java:206)
	|_    Flux.doOnCancel ⇢ at io.asyncer.r2dbc.mysql.client.ReactorNettyClient.lambda$exchange$9(ReactorNettyClient.java:207)
	*____Mono.flatMapMany ⇢ at io.asyncer.r2dbc.mysql.client.ReactorNettyClient.exchange(ReactorNettyClient.java:208)
	|_          Flux.then ⇢ at io.asyncer.r2dbc.mysql.InitFlow.initHandshake(InitFlow.java:141)
	*___________Mono.then ⇢ at io.asyncer.r2dbc.mysql.MySqlConnectionFactory.lambda$getMySqlConnection$5(MySqlConnectionFactory.java:166)
	|_           Mono.map ⇢ at io.asyncer.r2dbc.mysql.MySqlConnectionFactory.lambda$getMySqlConnection$5(MySqlConnectionFactory.java:175)
	|_ Mono.onErrorResume ⇢ at io.asyncer.r2dbc.mysql.MySqlConnectionFactory.lambda$getMySqlConnection$5(MySqlConnectionFactory.java:180)
	*___________Mono.then ⇢ at io.asyncer.r2dbc.mysql.MySqlConnectionFactory.lambda$null$4(MySqlConnectionFactory.java:180)
	*________Mono.flatMap ⇢ at io.asyncer.r2dbc.mysql.MySqlConnectionFactory.getMySqlConnection(MySqlConnectionFactory.java:151)
	|_   Mono.subscribeOn ⇢ at io.r2dbc.pool.ConnectionPool.createConnectionPool(ConnectionPool.java:257)
	*________Mono.flatMap ⇢ at io.r2dbc.pool.ConnectionPool.lambda$new$11(ConnectionPool.java:107)
	*__________Mono.defer ⇢ at io.r2dbc.pool.ConnectionPool.<init>(ConnectionPool.java:104)
	|_         Mono.retry ⇢ at io.r2dbc.pool.ConnectionPool.<init>(ConnectionPool.java:167)
	*__Mono.onErrorResume ⇢ at org.springframework.r2dbc.connection.ConnectionFactoryUtils.doGetConnection(ConnectionFactoryUtils.java:151)
Original Stack Trace:
		at io.asyncer.r2dbc.mysql.message.server.ErrorMessage.toException(ErrorMessage.java:90)
		at io.asyncer.r2dbc.mysql.message.server.ErrorMessage.toException(ErrorMessage.java:73)
		at io.asyncer.r2dbc.mysql.HandshakeExchangeable.accept(InitFlow.java:535)
		at io.asyncer.r2dbc.mysql.HandshakeExchangeable.accept(InitFlow.java:478)
		at reactor.core.publisher.FluxHandleFuseable$HandleFuseableConditionalSubscriber.onNext(FluxHandleFuseable.java:493)
		at reactor.core.publisher.FluxPeekFuseable$PeekConditionalSubscriber.onNext(FluxPeekFuseable.java:850)
		at reactor.core.publisher.FluxContextWriteRestoringThreadLocals$ContextWriteRestoringThreadLocalsSubscriber.onNext(FluxContextWriteRestoringThreadLocals.java:119)
		at reactor.core.publisher.SinkManyEmitterProcessor.drain(SinkManyEmitterProcessor.java:483)
		at reactor.core.publisher.SinkManyEmitterProcessor.tryEmitNext(SinkManyEmitterProcessor.java:281)
		at reactor.core.publisher.SinkManySerialized.tryEmitNext(SinkManySerialized.java:100)
		at reactor.core.publisher.InternalManySink.emitNext(InternalManySink.java:27)
		at io.asyncer.r2dbc.mysql.client.ReactorNettyClient$ResponseSink.next(ReactorNettyClient.java:395)
		at io.asyncer.r2dbc.mysql.client.ReactorNettyClient.lambda$new$0(ReactorNettyClient.java:119)
		at reactor.core.publisher.FluxPeek$PeekSubscriber.onNext(FluxPeek.java:188)
		at reactor.core.publisher.FluxContextWriteRestoringThreadLocals$ContextWriteRestoringThreadLocalsSubscriber.onNext(FluxContextWriteRestoringThreadLocals.java:119)
		at reactor.netty.channel.FluxReceive.drainReceiver(FluxReceive.java:296)
		at reactor.netty.channel.FluxReceive.onInboundNext(FluxReceive.java:407)
		at reactor.netty.channel.ChannelOperations.onInboundNext(ChannelOperations.java:445)
		at reactor.netty.channel.ChannelOperationsHandler.channelRead(ChannelOperationsHandler.java:115)
		at io.netty.channel.AbstractChannelHandlerContext.fireChannelRead(AbstractChannelHandlerContext.java:356)
		at io.netty.handler.codec.ByteToMessageDecoder.fireChannelRead(ByteToMessageDecoder.java:361)
		at io.netty.handler.codec.ByteToMessageDecoder.channelRead(ByteToMessageDecoder.java:325)
		at io.netty.channel.AbstractChannelHandlerContext.fireChannelRead(AbstractChannelHandlerContext.java:356)
		at io.netty.channel.DefaultChannelPipeline$HeadContext.channelRead(DefaultChannelPipeline.java:1429)
		at io.netty.channel.DefaultChannelPipeline.fireChannelRead(DefaultChannelPipeline.java:918)
		at io.netty.channel.nio.AbstractNioByteChannel$NioByteUnsafe.read(AbstractNioByteChannel.java:172)
		at io.netty.channel.nio.AbstractNioChannel$AbstractNioUnsafe.handle(AbstractNioChannel.java:445)
		at io.netty.channel.nio.NioIoHandler$DefaultNioRegistration.handle(NioIoHandler.java:388)
		at io.netty.channel.nio.NioIoHandler.processSelectedKey(NioIoHandler.java:596)
		at io.netty.channel.nio.NioIoHandler.processSelectedKeysPlain(NioIoHandler.java:541)
		at io.netty.channel.nio.NioIoHandler.processSelectedKeys(NioIoHandler.java:514)
		at io.netty.channel.nio.NioIoHandler.run(NioIoHandler.java:484)
		at io.netty.channel.SingleThreadIoEventLoop.runIo(SingleThreadIoEventLoop.java:225)
		at io.netty.channel.SingleThreadIoEventLoop.run(SingleThreadIoEventLoop.java:196)
		at io.netty.util.concurrent.SingleThreadEventExecutor$5.run(SingleThreadEventExecutor.java:1195)
		at io.netty.util.internal.ThreadExecutorMap$2.run(ThreadExecutorMap.java:74)
		at io.netty.util.concurrent.FastThreadLocalRunnable.run(FastThreadLocalRunnable.java:30)
		at java.base/java.lang.Thread.run(Thread.java:1474)

2026-01-10T05:15:29.194+08:00 ERROR 48928 --- [platform-gateway] [reactor-tcp-nio-13] cn.icofun.gateway.core.PluginChain       : CRITICAL Plugin [WafPlugin] failed. Aborting request to protect backend.
2026-01-10T05:15:29.194+08:00 ERROR 48928 --- [platform-gateway] [reactor-tcp-nio-13] cn.icofun.gateway.core.PluginChain       : Gateway Plugin [ResponseCachePlugin] execution failed unexpectedly. Skipping to next...

org.springframework.dao.DataAccessResourceFailureException: Failed to obtain R2DBC Connection
	at org.springframework.r2dbc.connection.ConnectionFactoryUtils.lambda$getConnection$0(ConnectionFactoryUtils.java:102)
	Suppressed: The stacktrace has been enhanced by Reactor, refer to additional information below: 
Assembly trace from producer [reactor.core.publisher.MonoError] :

Error has been observed at the following site(s):
	*_____Mono.onErrorMap ⇢ at org.springframework.r2dbc.connection.ConnectionFactoryUtils.getConnection(ConnectionFactoryUtils.java:102)
	|_           Mono.map ⇢ at org.springframework.r2dbc.core.DefaultDatabaseClient.inConnectionMany(DefaultDatabaseClient.java:140)
	*______Flux.usingWhen ⇢ at org.springframework.r2dbc.core.DefaultDatabaseClient.inConnectionMany(DefaultDatabaseClient.java:143)
	|_    Flux.onErrorMap ⇢ at org.springframework.r2dbc.core.DefaultDatabaseClient.inConnectionMany(DefaultDatabaseClient.java:155)
	|_     Flux.concatMap ⇢ at org.springframework.data.r2dbc.core.R2dbcEntityTemplate$EntityCallbackAdapter.all(R2dbcEntityTemplate.java:962)
	*____Mono.flatMapMany ⇢ at org.springframework.data.r2dbc.repository.query.AbstractR2dbcQuery.lambda$execute$0(AbstractR2dbcQuery.java:78)
	*____Mono.flatMapMany ⇢ at org.springframework.data.r2dbc.repository.query.AbstractR2dbcQuery.execute(AbstractR2dbcQuery.java:78)
	*______Flux.usingWhen ⇢ at org.springframework.data.repository.core.support.RepositoryMethodInvoker$ReactiveInvocationListenerDecorator.decorate(RepositoryMethodInvoker.java:236)
	|_          Flux.sort ⇢ at cn.icofun.gateway.service.WafRuleService.refreshRules(WafRuleService.kt:50)
	|_          Flux.sort ⇢ at cn.icofun.gateway.service.WafRuleService.refreshRules(WafRuleService.kt:50)
	|_          Flux.sort ⇢ at cn.icofun.gateway.service.WafRuleService.refreshRules(WafRuleService.kt:50)
	|_   Flux.collectList ⇢ at cn.icofun.gateway.service.WafRuleService.refreshRules(WafRuleService.kt:51)
	|_      Mono.doOnNext ⇢ at cn.icofun.gateway.service.WafRuleService.refreshRules(WafRuleService.kt:52)
	|_   Mono.flatMapMany ⇢ at cn.icofun.gateway.service.WafRuleService.getActiveRules(WafRuleService.kt:41)
	|_ Flux.doOnSubscribe ⇢ at cn.icofun.gateway.plugin.WafPlugin.execute(WafPlugin.kt:78)
	|_  Flux.doOnComplete ⇢ at cn.icofun.gateway.plugin.WafPlugin.execute(WafPlugin.kt:81)
	|_        Flux.filter ⇢ at cn.icofun.gateway.plugin.WafPlugin.execute(WafPlugin.kt:84)
	|_          Flux.next ⇢ at cn.icofun.gateway.plugin.WafPlugin.execute(WafPlugin.kt:107)
	|_       Mono.flatMap ⇢ at cn.icofun.gateway.plugin.WafPlugin.execute(WafPlugin.kt:108)
	|_ Mono.switchIfEmpty ⇢ at cn.icofun.gateway.plugin.WafPlugin.execute(WafPlugin.kt:138)
	|_       Mono.timeout ⇢ at cn.icofun.gateway.core.PluginChain.execute(PluginChain.kt:35)
	|_ Mono.onErrorResume ⇢ at cn.icofun.gateway.core.PluginChain.execute(PluginChain.kt:36)
	|_       Mono.timeout ⇢ at cn.icofun.gateway.core.PluginChain.execute(PluginChain.kt:35)
	*__________Mono.error ⇢ at cn.icofun.gateway.core.PluginChain.execute$lambda$0(PluginChain.kt:48)
Original Stack Trace:
		at org.springframework.r2dbc.connection.ConnectionFactoryUtils.lambda$getConnection$0(ConnectionFactoryUtils.java:102)
		at reactor.core.publisher.Mono.lambda$onErrorMap$1(Mono.java:3855)
		at reactor.core.publisher.FluxOnErrorResume$ResumeSubscriber.onError(FluxOnErrorResume.java:95)
		at reactor.core.publisher.FluxOnErrorResume$ResumeSubscriber.onError(FluxOnErrorResume.java:107)
		at reactor.core.publisher.FluxRetry$RetrySubscriber.onError(FluxRetry.java:97)
		at reactor.core.publisher.MonoFlatMap$FlatMapMain.onError(MonoFlatMap.java:181)
		at reactor.core.publisher.FluxContextWriteRestoringThreadLocals$ContextWriteRestoringThreadLocalsSubscriber.onError(FluxContextWriteRestoringThreadLocals.java:141)
		at reactor.pool.AbstractPool$Borrower.fail(AbstractPool.java:478)
		at reactor.pool.SimpleDequePool.lambda$drainLoop$9(SimpleDequePool.java:444)
		at reactor.core.publisher.FluxDoOnEach$DoOnEachSubscriber.onError(FluxDoOnEach.java:186)
		at reactor.core.publisher.MonoSubscribeOn$SubscribeOnSubscriber.onError(MonoSubscribeOn.java:155)
		at reactor.core.publisher.MonoFlatMap$FlatMapMain.secondError(MonoFlatMap.java:242)
		at reactor.core.publisher.MonoFlatMap$FlatMapInner.onError(MonoFlatMap.java:317)
		at reactor.core.publisher.FluxOnErrorResume$ResumeSubscriber.onError(FluxOnErrorResume.java:107)
		at reactor.core.publisher.MonoIgnoreThen$ThenIgnoreMain.onError(MonoIgnoreThen.java:283)
		at reactor.core.publisher.MonoIgnoreThen$ThenIgnoreMain.subscribeNext(MonoIgnoreThen.java:235)
		at reactor.core.publisher.MonoIgnoreThen$ThenIgnoreMain.onComplete(MonoIgnoreThen.java:207)
		at reactor.core.publisher.MonoContextWriteRestoringThreadLocals$ContextWriteRestoringThreadLocalsSubscriber.onComplete(MonoContextWriteRestoringThreadLocals.java:143)
		at reactor.core.publisher.Operators.complete(Operators.java:137)
		at reactor.netty.FutureMono.doSubscribe(FutureMono.java:122)
		at reactor.netty.FutureMono$DeferredFutureMono.subscribe(FutureMono.java:114)
		at reactor.core.publisher.MonoContextWriteRestoringThreadLocals.subscribe(MonoContextWriteRestoringThreadLocals.java:44)
		at reactor.core.publisher.Mono.subscribe(Mono.java:4569)
		at reactor.core.publisher.MonoIgnoreThen$ThenIgnoreMain.subscribeNext(MonoIgnoreThen.java:268)
		at reactor.core.publisher.MonoIgnoreThen.subscribe(MonoIgnoreThen.java:51)
		at reactor.core.publisher.Mono.subscribe(Mono.java:4569)
		at reactor.core.publisher.FluxOnErrorResume$ResumeSubscriber.onError(FluxOnErrorResume.java:104)
		at reactor.core.publisher.FluxMapFuseable$MapFuseableSubscriber.onError(FluxMapFuseable.java:143)
		at reactor.core.publisher.MonoIgnoreThen$ThenIgnoreMain.onError(MonoIgnoreThen.java:283)
		at reactor.core.publisher.MonoIgnoreElements$IgnoreElementsSubscriber.onError(MonoIgnoreElements.java:84)
		at reactor.core.publisher.MonoFlatMapMany$FlatMapManyInner.onError(MonoFlatMapMany.java:257)
		at reactor.core.publisher.FluxPeekFuseable$PeekFuseableSubscriber.onError(FluxPeekFuseable.java:235)
		at reactor.core.publisher.FluxContextWrite$ContextWriteSubscriber.onError(FluxContextWrite.java:123)
		at reactor.core.publisher.FluxContextWriteRestoringThreadLocalsFuseable$FuseableContextWriteRestoringThreadLocalsSubscriber.onError(FluxContextWriteRestoringThreadLocalsFuseable.java:143)
		at io.asyncer.r2dbc.mysql.internal.util.DiscardOnCancelSubscriber.onError(DiscardOnCancelSubscriber.java:75)
		at reactor.core.publisher.FluxPeekFuseable$PeekFuseableConditionalSubscriber.onError(FluxPeekFuseable.java:554)
		at reactor.core.publisher.FluxHandleFuseable$HandleFuseableConditionalSubscriber.onNext(FluxHandleFuseable.java:516)
		at reactor.core.publisher.FluxPeekFuseable$PeekConditionalSubscriber.onNext(FluxPeekFuseable.java:850)
		at reactor.core.publisher.FluxContextWriteRestoringThreadLocals$ContextWriteRestoringThreadLocalsSubscriber.onNext(FluxContextWriteRestoringThreadLocals.java:119)
		at reactor.core.publisher.SinkManyEmitterProcessor.drain(SinkManyEmitterProcessor.java:483)
		at reactor.core.publisher.SinkManyEmitterProcessor.tryEmitNext(SinkManyEmitterProcessor.java:281)
		at reactor.core.publisher.SinkManySerialized.tryEmitNext(SinkManySerialized.java:100)
		at reactor.core.publisher.InternalManySink.emitNext(InternalManySink.java:27)
		at io.asyncer.r2dbc.mysql.client.ReactorNettyClient$ResponseSink.next(ReactorNettyClient.java:395)
		at io.asyncer.r2dbc.mysql.client.ReactorNettyClient.lambda$new$0(ReactorNettyClient.java:119)
		at reactor.core.publisher.FluxPeek$PeekSubscriber.onNext(FluxPeek.java:188)
		at reactor.core.publisher.FluxContextWriteRestoringThreadLocals$ContextWriteRestoringThreadLocalsSubscriber.onNext(FluxContextWriteRestoringThreadLocals.java:119)
		at reactor.netty.channel.FluxReceive.drainReceiver(FluxReceive.java:296)
		at reactor.netty.channel.FluxReceive.onInboundNext(FluxReceive.java:407)
		at reactor.netty.channel.ChannelOperations.onInboundNext(ChannelOperations.java:445)
		at reactor.netty.channel.ChannelOperationsHandler.channelRead(ChannelOperationsHandler.java:115)
		at io.netty.channel.AbstractChannelHandlerContext.fireChannelRead(AbstractChannelHandlerContext.java:356)
		at io.netty.handler.codec.ByteToMessageDecoder.fireChannelRead(ByteToMessageDecoder.java:361)
		at io.netty.handler.codec.ByteToMessageDecoder.channelRead(ByteToMessageDecoder.java:325)
		at io.netty.channel.AbstractChannelHandlerContext.fireChannelRead(AbstractChannelHandlerContext.java:356)
		at io.netty.channel.DefaultChannelPipeline$HeadContext.channelRead(DefaultChannelPipeline.java:1429)
		at io.netty.channel.DefaultChannelPipeline.fireChannelRead(DefaultChannelPipeline.java:918)
		at io.netty.channel.nio.AbstractNioByteChannel$NioByteUnsafe.read(AbstractNioByteChannel.java:172)
		at io.netty.channel.nio.AbstractNioChannel$AbstractNioUnsafe.handle(AbstractNioChannel.java:445)
		at io.netty.channel.nio.NioIoHandler$DefaultNioRegistration.handle(NioIoHandler.java:388)
		at io.netty.channel.nio.NioIoHandler.processSelectedKey(NioIoHandler.java:596)
		at io.netty.channel.nio.NioIoHandler.processSelectedKeysPlain(NioIoHandler.java:541)
		at io.netty.channel.nio.NioIoHandler.processSelectedKeys(NioIoHandler.java:514)
		at io.netty.channel.nio.NioIoHandler.run(NioIoHandler.java:484)
		at io.netty.channel.SingleThreadIoEventLoop.runIo(SingleThreadIoEventLoop.java:225)
		at io.netty.channel.SingleThreadIoEventLoop.run(SingleThreadIoEventLoop.java:196)
		at io.netty.util.concurrent.SingleThreadEventExecutor$5.run(SingleThreadEventExecutor.java:1195)
		at io.netty.util.internal.ThreadExecutorMap$2.run(ThreadExecutorMap.java:74)
		at io.netty.util.concurrent.FastThreadLocalRunnable.run(FastThreadLocalRunnable.java:30)
		at java.base/java.lang.Thread.run(Thread.java:1474)
Caused by: io.r2dbc.spi.R2dbcPermissionDeniedException: [1045] [28000] Access denied for user 'root'@'172.18.0.1' (using password: YES)
	at io.asyncer.r2dbc.mysql.message.server.ErrorMessage.toException(ErrorMessage.java:90)
	Suppressed: The stacktrace has been enhanced by Reactor, refer to additional information below: 
Assembly trace from producer [reactor.core.publisher.FluxHandleFuseable] :
	reactor.core.publisher.Flux.handle(Flux.java:6155)
	io.asyncer.r2dbc.mysql.client.ReactorNettyClient.lambda$exchange$9(ReactorNettyClient.java:199)
Error has been observed at the following site(s):
	*_________Flux.handle ⇢ at io.asyncer.r2dbc.mysql.client.ReactorNettyClient.lambda$exchange$9(ReactorNettyClient.java:199)
	|_ Flux.doOnTerminate ⇢ at io.asyncer.r2dbc.mysql.client.ReactorNettyClient.lambda$exchange$9(ReactorNettyClient.java:200)
	|_   Flux.doOnDiscard ⇢ at io.asyncer.r2dbc.mysql.client.ReactorNettyClient.lambda$exchange$9(ReactorNettyClient.java:206)
	|_    Flux.doOnCancel ⇢ at io.asyncer.r2dbc.mysql.client.ReactorNettyClient.lambda$exchange$9(ReactorNettyClient.java:207)
	*____Mono.flatMapMany ⇢ at io.asyncer.r2dbc.mysql.client.ReactorNettyClient.exchange(ReactorNettyClient.java:208)
	|_          Flux.then ⇢ at io.asyncer.r2dbc.mysql.InitFlow.initHandshake(InitFlow.java:141)
	*___________Mono.then ⇢ at io.asyncer.r2dbc.mysql.MySqlConnectionFactory.lambda$getMySqlConnection$5(MySqlConnectionFactory.java:166)
	|_           Mono.map ⇢ at io.asyncer.r2dbc.mysql.MySqlConnectionFactory.lambda$getMySqlConnection$5(MySqlConnectionFactory.java:175)
	|_ Mono.onErrorResume ⇢ at io.asyncer.r2dbc.mysql.MySqlConnectionFactory.lambda$getMySqlConnection$5(MySqlConnectionFactory.java:180)
	*___________Mono.then ⇢ at io.asyncer.r2dbc.mysql.MySqlConnectionFactory.lambda$null$4(MySqlConnectionFactory.java:180)
	*________Mono.flatMap ⇢ at io.asyncer.r2dbc.mysql.MySqlConnectionFactory.getMySqlConnection(MySqlConnectionFactory.java:151)
	|_   Mono.subscribeOn ⇢ at io.r2dbc.pool.ConnectionPool.createConnectionPool(ConnectionPool.java:257)
	*________Mono.flatMap ⇢ at io.r2dbc.pool.ConnectionPool.lambda$new$11(ConnectionPool.java:107)
	*__________Mono.defer ⇢ at io.r2dbc.pool.ConnectionPool.<init>(ConnectionPool.java:104)
	|_         Mono.retry ⇢ at io.r2dbc.pool.ConnectionPool.<init>(ConnectionPool.java:167)
	*__Mono.onErrorResume ⇢ at org.springframework.r2dbc.connection.ConnectionFactoryUtils.doGetConnection(ConnectionFactoryUtils.java:151)
Original Stack Trace:
		at io.asyncer.r2dbc.mysql.message.server.ErrorMessage.toException(ErrorMessage.java:90)
		at io.asyncer.r2dbc.mysql.message.server.ErrorMessage.toException(ErrorMessage.java:73)
		at io.asyncer.r2dbc.mysql.HandshakeExchangeable.accept(InitFlow.java:535)
		at io.asyncer.r2dbc.mysql.HandshakeExchangeable.accept(InitFlow.java:478)
		at reactor.core.publisher.FluxHandleFuseable$HandleFuseableConditionalSubscriber.onNext(FluxHandleFuseable.java:493)
		at reactor.core.publisher.FluxPeekFuseable$PeekConditionalSubscriber.onNext(FluxPeekFuseable.java:850)
		at reactor.core.publisher.FluxContextWriteRestoringThreadLocals$ContextWriteRestoringThreadLocalsSubscriber.onNext(FluxContextWriteRestoringThreadLocals.java:119)
		at reactor.core.publisher.SinkManyEmitterProcessor.drain(SinkManyEmitterProcessor.java:483)
		at reactor.core.publisher.SinkManyEmitterProcessor.tryEmitNext(SinkManyEmitterProcessor.java:281)
		at reactor.core.publisher.SinkManySerialized.tryEmitNext(SinkManySerialized.java:100)
		at reactor.core.publisher.InternalManySink.emitNext(InternalManySink.java:27)
		at io.asyncer.r2dbc.mysql.client.ReactorNettyClient$ResponseSink.next(ReactorNettyClient.java:395)
		at io.asyncer.r2dbc.mysql.client.ReactorNettyClient.lambda$new$0(ReactorNettyClient.java:119)
		at reactor.core.publisher.FluxPeek$PeekSubscriber.onNext(FluxPeek.java:188)
		at reactor.core.publisher.FluxContextWriteRestoringThreadLocals$ContextWriteRestoringThreadLocalsSubscriber.onNext(FluxContextWriteRestoringThreadLocals.java:119)
		at reactor.netty.channel.FluxReceive.drainReceiver(FluxReceive.java:296)
		at reactor.netty.channel.FluxReceive.onInboundNext(FluxReceive.java:407)
		at reactor.netty.channel.ChannelOperations.onInboundNext(ChannelOperations.java:445)
		at reactor.netty.channel.ChannelOperationsHandler.channelRead(ChannelOperationsHandler.java:115)
		at io.netty.channel.AbstractChannelHandlerContext.fireChannelRead(AbstractChannelHandlerContext.java:356)
		at io.netty.handler.codec.ByteToMessageDecoder.fireChannelRead(ByteToMessageDecoder.java:361)
		at io.netty.handler.codec.ByteToMessageDecoder.channelRead(ByteToMessageDecoder.java:325)
		at io.netty.channel.AbstractChannelHandlerContext.fireChannelRead(AbstractChannelHandlerContext.java:356)
		at io.netty.channel.DefaultChannelPipeline$HeadContext.channelRead(DefaultChannelPipeline.java:1429)
		at io.netty.channel.DefaultChannelPipeline.fireChannelRead(DefaultChannelPipeline.java:918)
		at io.netty.channel.nio.AbstractNioByteChannel$NioByteUnsafe.read(AbstractNioByteChannel.java:172)
		at io.netty.channel.nio.AbstractNioChannel$AbstractNioUnsafe.handle(AbstractNioChannel.java:445)
		at io.netty.channel.nio.NioIoHandler$DefaultNioRegistration.handle(NioIoHandler.java:388)
		at io.netty.channel.nio.NioIoHandler.processSelectedKey(NioIoHandler.java:596)
		at io.netty.channel.nio.NioIoHandler.processSelectedKeysPlain(NioIoHandler.java:541)
		at io.netty.channel.nio.NioIoHandler.processSelectedKeys(NioIoHandler.java:514)
		at io.netty.channel.nio.NioIoHandler.run(NioIoHandler.java:484)
		at io.netty.channel.SingleThreadIoEventLoop.runIo(SingleThreadIoEventLoop.java:225)
		at io.netty.channel.SingleThreadIoEventLoop.run(SingleThreadIoEventLoop.java:196)
		at io.netty.util.concurrent.SingleThreadEventExecutor$5.run(SingleThreadEventExecutor.java:1195)
		at io.netty.util.internal.ThreadExecutorMap$2.run(ThreadExecutorMap.java:74)
		at io.netty.util.concurrent.FastThreadLocalRunnable.run(FastThreadLocalRunnable.java:30)
		at java.base/java.lang.Thread.run(Thread.java:1474)

2026-01-10T05:15:29.196+08:00  WARN 48928 --- [platform-gateway] [reactor-tcp-nio-13] cn.icofun.gateway.core.PluginChain       : Non-critical Plugin [ResponseCachePlugin] failed. Skipping to next plugin to keep request alive.
2026-01-10T05:15:29.196+08:00 DEBUG 48928 --- [platform-gateway] [reactor-tcp-nio-13] cn.icofun.gateway.plugin.WafPlugin       : [WAF] [TraceID: unknown] [Route: unknown] waf_enabled type: null, using default: true
2026-01-10T05:15:29.196+08:00 DEBUG 48928 --- [platform-gateway] [reactor-tcp-nio-13] cn.icofun.gateway.plugin.WafPlugin       : [WAF] [TraceID: unknown] [Route: unknown] Checking request body, size: 0 chars
2026-01-10T05:15:29.196+08:00 DEBUG 48928 --- [platform-gateway] [reactor-tcp-nio-13] c.icofun.gateway.service.WafRuleService  : [WAF] Cache miss, loading rules from database...
2026-01-10T05:15:29.199+08:00 DEBUG 48928 --- [platform-gateway] [reactor-tcp-nio-13] cn.icofun.gateway.plugin.WafPlugin       : [WAF] [TraceID: unknown] [Route: unknown] Starting WAF rule evaluation...
2026-01-10T05:15:29.200+08:00  WARN 48928 --- [platform-gateway] [reactor-tcp-nio-13] i.a.r.mysql.client.ReactorNettyClient    : Connection unexpectedly closed
2026-01-10T05:15:29.201+08:00  WARN 48928 --- [platform-gateway] [reactor-tcp-nio-15] i.a.r.mysql.client.ReactorNettyClient    : Connection unexpectedly closed
2026-01-10T05:15:29.209+08:00  WARN 48928 --- [platform-gateway] [reactor-tcp-nio-17] i.a.r.mysql.client.ReactorNettyClient    : Connection unexpectedly closed
2026-01-10T05:15:29.209+08:00  WARN 48928 --- [platform-gateway] [reactor-tcp-nio-16] i.a.r.mysql.client.ReactorNettyClient    : Connection unexpectedly closed
2026-01-10T05:15:29.216+08:00  WARN 48928 --- [platform-gateway] [reactor-tcp-nio-18] i.a.r.mysql.client.ReactorNettyClient    : Connection unexpectedly closed
2026-01-10T05:15:29.216+08:00  WARN 48928 --- [platform-gateway] [reactor-tcp-nio-20] i.a.r.mysql.client.ReactorNettyClient    : Connection unexpectedly closed
2026-01-10T05:15:29.217+08:00 ERROR 48928 --- [platform-gateway] [reactor-tcp-nio-19] cn.icofun.gateway.core.PluginChain       : Gateway Plugin [WafPlugin] execution failed unexpectedly. Skipping to next...

org.springframework.dao.DataAccessResourceFailureException: Failed to obtain R2DBC Connection
	at org.springframework.r2dbc.connection.ConnectionFactoryUtils.lambda$getConnection$0(ConnectionFactoryUtils.java:102)
	Suppressed: The stacktrace has been enhanced by Reactor, refer to additional information below: 
Assembly trace from producer [reactor.core.publisher.MonoError] :

Error has been observed at the following site(s):
	*_____Mono.onErrorMap ⇢ at org.springframework.r2dbc.connection.ConnectionFactoryUtils.getConnection(ConnectionFactoryUtils.java:102)
	|_           Mono.map ⇢ at org.springframework.r2dbc.core.DefaultDatabaseClient.inConnectionMany(DefaultDatabaseClient.java:140)
	*______Flux.usingWhen ⇢ at org.springframework.r2dbc.core.DefaultDatabaseClient.inConnectionMany(DefaultDatabaseClient.java:143)
	|_    Flux.onErrorMap ⇢ at org.springframework.r2dbc.core.DefaultDatabaseClient.inConnectionMany(DefaultDatabaseClient.java:155)
	|_     Flux.concatMap ⇢ at org.springframework.data.r2dbc.core.R2dbcEntityTemplate$EntityCallbackAdapter.all(R2dbcEntityTemplate.java:962)
	*____Mono.flatMapMany ⇢ at org.springframework.data.r2dbc.repository.query.AbstractR2dbcQuery.lambda$execute$0(AbstractR2dbcQuery.java:78)
	*____Mono.flatMapMany ⇢ at org.springframework.data.r2dbc.repository.query.AbstractR2dbcQuery.execute(AbstractR2dbcQuery.java:78)
	*______Flux.usingWhen ⇢ at org.springframework.data.repository.core.support.RepositoryMethodInvoker$ReactiveInvocationListenerDecorator.decorate(RepositoryMethodInvoker.java:236)
	|_          Flux.sort ⇢ at cn.icofun.gateway.service.WafRuleService.refreshRules(WafRuleService.kt:50)
	|_          Flux.sort ⇢ at cn.icofun.gateway.service.WafRuleService.refreshRules(WafRuleService.kt:50)
	|_          Flux.sort ⇢ at cn.icofun.gateway.service.WafRuleService.refreshRules(WafRuleService.kt:50)
	|_   Flux.collectList ⇢ at cn.icofun.gateway.service.WafRuleService.refreshRules(WafRuleService.kt:51)
	|_      Mono.doOnNext ⇢ at cn.icofun.gateway.service.WafRuleService.refreshRules(WafRuleService.kt:52)
	|_   Mono.flatMapMany ⇢ at cn.icofun.gateway.service.WafRuleService.getActiveRules(WafRuleService.kt:41)
	|_ Flux.doOnSubscribe ⇢ at cn.icofun.gateway.plugin.WafPlugin.execute(WafPlugin.kt:78)
	|_  Flux.doOnComplete ⇢ at cn.icofun.gateway.plugin.WafPlugin.execute(WafPlugin.kt:81)
	|_        Flux.filter ⇢ at cn.icofun.gateway.plugin.WafPlugin.execute(WafPlugin.kt:84)
	|_          Flux.next ⇢ at cn.icofun.gateway.plugin.WafPlugin.execute(WafPlugin.kt:107)
	|_       Mono.flatMap ⇢ at cn.icofun.gateway.plugin.WafPlugin.execute(WafPlugin.kt:108)
	|_ Mono.switchIfEmpty ⇢ at cn.icofun.gateway.plugin.WafPlugin.execute(WafPlugin.kt:138)
	|_       Mono.timeout ⇢ at cn.icofun.gateway.core.PluginChain.execute(PluginChain.kt:35)
Original Stack Trace:
		at org.springframework.r2dbc.connection.ConnectionFactoryUtils.lambda$getConnection$0(ConnectionFactoryUtils.java:102)
		at reactor.core.publisher.Mono.lambda$onErrorMap$1(Mono.java:3855)
		at reactor.core.publisher.FluxOnErrorResume$ResumeSubscriber.onError(FluxOnErrorResume.java:95)
		at reactor.core.publisher.FluxOnErrorResume$ResumeSubscriber.onError(FluxOnErrorResume.java:107)
		at reactor.core.publisher.FluxRetry$RetrySubscriber.onError(FluxRetry.java:97)
		at reactor.core.publisher.MonoFlatMap$FlatMapMain.onError(MonoFlatMap.java:181)
		at reactor.core.publisher.FluxContextWriteRestoringThreadLocals$ContextWriteRestoringThreadLocalsSubscriber.onError(FluxContextWriteRestoringThreadLocals.java:141)
		at reactor.pool.AbstractPool$Borrower.fail(AbstractPool.java:478)
		at reactor.pool.SimpleDequePool.lambda$drainLoop$9(SimpleDequePool.java:444)
		at reactor.core.publisher.FluxDoOnEach$DoOnEachSubscriber.onError(FluxDoOnEach.java:186)
		at reactor.core.publisher.MonoSubscribeOn$SubscribeOnSubscriber.onError(MonoSubscribeOn.java:155)
		at reactor.core.publisher.MonoFlatMap$FlatMapMain.secondError(MonoFlatMap.java:242)
		at reactor.core.publisher.MonoFlatMap$FlatMapInner.onError(MonoFlatMap.java:317)
		at reactor.core.publisher.FluxOnErrorResume$ResumeSubscriber.onError(FluxOnErrorResume.java:107)
		at reactor.core.publisher.MonoIgnoreThen$ThenIgnoreMain.onError(MonoIgnoreThen.java:283)
		at reactor.core.publisher.MonoIgnoreThen$ThenIgnoreMain.subscribeNext(MonoIgnoreThen.java:235)
		at reactor.core.publisher.MonoIgnoreThen$ThenIgnoreMain.onComplete(MonoIgnoreThen.java:207)
		at reactor.core.publisher.MonoContextWriteRestoringThreadLocals$ContextWriteRestoringThreadLocalsSubscriber.onComplete(MonoContextWriteRestoringThreadLocals.java:143)
		at reactor.core.publisher.Operators.complete(Operators.java:137)
		at reactor.netty.FutureMono.doSubscribe(FutureMono.java:122)
		at reactor.netty.FutureMono$DeferredFutureMono.subscribe(FutureMono.java:114)
		at reactor.core.publisher.MonoContextWriteRestoringThreadLocals.subscribe(MonoContextWriteRestoringThreadLocals.java:44)
		at reactor.core.publisher.Mono.subscribe(Mono.java:4569)
		at reactor.core.publisher.MonoIgnoreThen$ThenIgnoreMain.subscribeNext(MonoIgnoreThen.java:268)
		at reactor.core.publisher.MonoIgnoreThen.subscribe(MonoIgnoreThen.java:51)
		at reactor.core.publisher.Mono.subscribe(Mono.java:4569)
		at reactor.core.publisher.FluxOnErrorResume$ResumeSubscriber.onError(FluxOnErrorResume.java:104)
		at reactor.core.publisher.FluxMapFuseable$MapFuseableSubscriber.onError(FluxMapFuseable.java:143)
		at reactor.core.publisher.MonoIgnoreThen$ThenIgnoreMain.onError(MonoIgnoreThen.java:283)
		at reactor.core.publisher.MonoIgnoreElements$IgnoreElementsSubscriber.onError(MonoIgnoreElements.java:84)
		at reactor.core.publisher.MonoFlatMapMany$FlatMapManyInner.onError(MonoFlatMapMany.java:257)
		at reactor.core.publisher.FluxPeekFuseable$PeekFuseableSubscriber.onError(FluxPeekFuseable.java:235)
		at reactor.core.publisher.FluxContextWrite$ContextWriteSubscriber.onError(FluxContextWrite.java:123)
		at reactor.core.publisher.FluxContextWriteRestoringThreadLocalsFuseable$FuseableContextWriteRestoringThreadLocalsSubscriber.onError(FluxContextWriteRestoringThreadLocalsFuseable.java:143)
		at io.asyncer.r2dbc.mysql.internal.util.DiscardOnCancelSubscriber.onError(DiscardOnCancelSubscriber.java:75)
		at reactor.core.publisher.FluxPeekFuseable$PeekFuseableConditionalSubscriber.onError(FluxPeekFuseable.java:554)
		at reactor.core.publisher.FluxHandleFuseable$HandleFuseableConditionalSubscriber.onNext(FluxHandleFuseable.java:516)
		at reactor.core.publisher.FluxPeekFuseable$PeekConditionalSubscriber.onNext(FluxPeekFuseable.java:850)
		at reactor.core.publisher.FluxContextWriteRestoringThreadLocals$ContextWriteRestoringThreadLocalsSubscriber.onNext(FluxContextWriteRestoringThreadLocals.java:119)
		at reactor.core.publisher.SinkManyEmitterProcessor.drain(SinkManyEmitterProcessor.java:483)
		at reactor.core.publisher.SinkManyEmitterProcessor.tryEmitNext(SinkManyEmitterProcessor.java:281)
		at reactor.core.publisher.SinkManySerialized.tryEmitNext(SinkManySerialized.java:100)
		at reactor.core.publisher.InternalManySink.emitNext(InternalManySink.java:27)
		at io.asyncer.r2dbc.mysql.client.ReactorNettyClient$ResponseSink.next(ReactorNettyClient.java:395)
		at io.asyncer.r2dbc.mysql.client.ReactorNettyClient.lambda$new$0(ReactorNettyClient.java:119)
		at reactor.core.publisher.FluxPeek$PeekSubscriber.onNext(FluxPeek.java:188)
		at reactor.core.publisher.FluxContextWriteRestoringThreadLocals$ContextWriteRestoringThreadLocalsSubscriber.onNext(FluxContextWriteRestoringThreadLocals.java:119)
		at reactor.netty.channel.FluxReceive.drainReceiver(FluxReceive.java:296)
		at reactor.netty.channel.FluxReceive.onInboundNext(FluxReceive.java:407)
		at reactor.netty.channel.ChannelOperations.onInboundNext(ChannelOperations.java:445)
		at reactor.netty.channel.ChannelOperationsHandler.channelRead(ChannelOperationsHandler.java:115)
		at io.netty.channel.AbstractChannelHandlerContext.fireChannelRead(AbstractChannelHandlerContext.java:356)
		at io.netty.handler.codec.ByteToMessageDecoder.fireChannelRead(ByteToMessageDecoder.java:361)
		at io.netty.handler.codec.ByteToMessageDecoder.channelRead(ByteToMessageDecoder.java:325)
		at io.netty.channel.AbstractChannelHandlerContext.fireChannelRead(AbstractChannelHandlerContext.java:356)
		at io.netty.channel.DefaultChannelPipeline$HeadContext.channelRead(DefaultChannelPipeline.java:1429)
		at io.netty.channel.DefaultChannelPipeline.fireChannelRead(DefaultChannelPipeline.java:918)
		at io.netty.channel.nio.AbstractNioByteChannel$NioByteUnsafe.read(AbstractNioByteChannel.java:172)
		at io.netty.channel.nio.AbstractNioChannel$AbstractNioUnsafe.handle(AbstractNioChannel.java:445)
		at io.netty.channel.nio.NioIoHandler$DefaultNioRegistration.handle(NioIoHandler.java:388)
		at io.netty.channel.nio.NioIoHandler.processSelectedKey(NioIoHandler.java:596)
		at io.netty.channel.nio.NioIoHandler.processSelectedKeysPlain(NioIoHandler.java:541)
		at io.netty.channel.nio.NioIoHandler.processSelectedKeys(NioIoHandler.java:514)
		at io.netty.channel.nio.NioIoHandler.run(NioIoHandler.java:484)
		at io.netty.channel.SingleThreadIoEventLoop.runIo(SingleThreadIoEventLoop.java:225)
		at io.netty.channel.SingleThreadIoEventLoop.run(SingleThreadIoEventLoop.java:196)
		at io.netty.util.concurrent.SingleThreadEventExecutor$5.run(SingleThreadEventExecutor.java:1195)
		at io.netty.util.internal.ThreadExecutorMap$2.run(ThreadExecutorMap.java:74)
		at io.netty.util.concurrent.FastThreadLocalRunnable.run(FastThreadLocalRunnable.java:30)
		at java.base/java.lang.Thread.run(Thread.java:1474)
Caused by: io.r2dbc.spi.R2dbcPermissionDeniedException: [1045] [28000] Access denied for user 'root'@'172.18.0.1' (using password: YES)
	at io.asyncer.r2dbc.mysql.message.server.ErrorMessage.toException(ErrorMessage.java:90)
	Suppressed: The stacktrace has been enhanced by Reactor, refer to additional information below: 
Assembly trace from producer [reactor.core.publisher.FluxHandleFuseable] :
	reactor.core.publisher.Flux.handle(Flux.java:6155)
	io.asyncer.r2dbc.mysql.client.ReactorNettyClient.lambda$exchange$9(ReactorNettyClient.java:199)
Error has been observed at the following site(s):
	*_________Flux.handle ⇢ at io.asyncer.r2dbc.mysql.client.ReactorNettyClient.lambda$exchange$9(ReactorNettyClient.java:199)
	|_ Flux.doOnTerminate ⇢ at io.asyncer.r2dbc.mysql.client.ReactorNettyClient.lambda$exchange$9(ReactorNettyClient.java:200)
	|_   Flux.doOnDiscard ⇢ at io.asyncer.r2dbc.mysql.client.ReactorNettyClient.lambda$exchange$9(ReactorNettyClient.java:206)
	|_    Flux.doOnCancel ⇢ at io.asyncer.r2dbc.mysql.client.ReactorNettyClient.lambda$exchange$9(ReactorNettyClient.java:207)
	*____Mono.flatMapMany ⇢ at io.asyncer.r2dbc.mysql.client.ReactorNettyClient.exchange(ReactorNettyClient.java:208)
	|_          Flux.then ⇢ at io.asyncer.r2dbc.mysql.InitFlow.initHandshake(InitFlow.java:141)
	*___________Mono.then ⇢ at io.asyncer.r2dbc.mysql.MySqlConnectionFactory.lambda$getMySqlConnection$5(MySqlConnectionFactory.java:166)
	|_           Mono.map ⇢ at io.asyncer.r2dbc.mysql.MySqlConnectionFactory.lambda$getMySqlConnection$5(MySqlConnectionFactory.java:175)
	|_ Mono.onErrorResume ⇢ at io.asyncer.r2dbc.mysql.MySqlConnectionFactory.lambda$getMySqlConnection$5(MySqlConnectionFactory.java:180)
	*___________Mono.then ⇢ at io.asyncer.r2dbc.mysql.MySqlConnectionFactory.lambda$null$4(MySqlConnectionFactory.java:180)
	*________Mono.flatMap ⇢ at io.asyncer.r2dbc.mysql.MySqlConnectionFactory.getMySqlConnection(MySqlConnectionFactory.java:151)
	|_   Mono.subscribeOn ⇢ at io.r2dbc.pool.ConnectionPool.createConnectionPool(ConnectionPool.java:257)
	*________Mono.flatMap ⇢ at io.r2dbc.pool.ConnectionPool.lambda$new$11(ConnectionPool.java:107)
	*__________Mono.defer ⇢ at io.r2dbc.pool.ConnectionPool.<init>(ConnectionPool.java:104)
	|_         Mono.retry ⇢ at io.r2dbc.pool.ConnectionPool.<init>(ConnectionPool.java:167)
	*__Mono.onErrorResume ⇢ at org.springframework.r2dbc.connection.ConnectionFactoryUtils.doGetConnection(ConnectionFactoryUtils.java:151)
Original Stack Trace:
		at io.asyncer.r2dbc.mysql.message.server.ErrorMessage.toException(ErrorMessage.java:90)
		at io.asyncer.r2dbc.mysql.message.server.ErrorMessage.toException(ErrorMessage.java:73)
		at io.asyncer.r2dbc.mysql.HandshakeExchangeable.accept(InitFlow.java:535)
		at io.asyncer.r2dbc.mysql.HandshakeExchangeable.accept(InitFlow.java:478)
		at reactor.core.publisher.FluxHandleFuseable$HandleFuseableConditionalSubscriber.onNext(FluxHandleFuseable.java:493)
		at reactor.core.publisher.FluxPeekFuseable$PeekConditionalSubscriber.onNext(FluxPeekFuseable.java:850)
		at reactor.core.publisher.FluxContextWriteRestoringThreadLocals$ContextWriteRestoringThreadLocalsSubscriber.onNext(FluxContextWriteRestoringThreadLocals.java:119)
		at reactor.core.publisher.SinkManyEmitterProcessor.drain(SinkManyEmitterProcessor.java:483)
		at reactor.core.publisher.SinkManyEmitterProcessor.tryEmitNext(SinkManyEmitterProcessor.java:281)
		at reactor.core.publisher.SinkManySerialized.tryEmitNext(SinkManySerialized.java:100)
		at reactor.core.publisher.InternalManySink.emitNext(InternalManySink.java:27)
		at io.asyncer.r2dbc.mysql.client.ReactorNettyClient$ResponseSink.next(ReactorNettyClient.java:395)
		at io.asyncer.r2dbc.mysql.client.ReactorNettyClient.lambda$new$0(ReactorNettyClient.java:119)
		at reactor.core.publisher.FluxPeek$PeekSubscriber.onNext(FluxPeek.java:188)
		at reactor.core.publisher.FluxContextWriteRestoringThreadLocals$ContextWriteRestoringThreadLocalsSubscriber.onNext(FluxContextWriteRestoringThreadLocals.java:119)
		at reactor.netty.channel.FluxReceive.drainReceiver(FluxReceive.java:296)
		at reactor.netty.channel.FluxReceive.onInboundNext(FluxReceive.java:407)
		at reactor.netty.channel.ChannelOperations.onInboundNext(ChannelOperations.java:445)
		at reactor.netty.channel.ChannelOperationsHandler.channelRead(ChannelOperationsHandler.java:115)
		at io.netty.channel.AbstractChannelHandlerContext.fireChannelRead(AbstractChannelHandlerContext.java:356)
		at io.netty.handler.codec.ByteToMessageDecoder.fireChannelRead(ByteToMessageDecoder.java:361)
		at io.netty.handler.codec.ByteToMessageDecoder.channelRead(ByteToMessageDecoder.java:325)
		at io.netty.channel.AbstractChannelHandlerContext.fireChannelRead(AbstractChannelHandlerContext.java:356)
		at io.netty.channel.DefaultChannelPipeline$HeadContext.channelRead(DefaultChannelPipeline.java:1429)
		at io.netty.channel.DefaultChannelPipeline.fireChannelRead(DefaultChannelPipeline.java:918)
		at io.netty.channel.nio.AbstractNioByteChannel$NioByteUnsafe.read(AbstractNioByteChannel.java:172)
		at io.netty.channel.nio.AbstractNioChannel$AbstractNioUnsafe.handle(AbstractNioChannel.java:445)
		at io.netty.channel.nio.NioIoHandler$DefaultNioRegistration.handle(NioIoHandler.java:388)
		at io.netty.channel.nio.NioIoHandler.processSelectedKey(NioIoHandler.java:596)
		at io.netty.channel.nio.NioIoHandler.processSelectedKeysPlain(NioIoHandler.java:541)
		at io.netty.channel.nio.NioIoHandler.processSelectedKeys(NioIoHandler.java:514)
		at io.netty.channel.nio.NioIoHandler.run(NioIoHandler.java:484)
		at io.netty.channel.SingleThreadIoEventLoop.runIo(SingleThreadIoEventLoop.java:225)
		at io.netty.channel.SingleThreadIoEventLoop.run(SingleThreadIoEventLoop.java:196)
		at io.netty.util.concurrent.SingleThreadEventExecutor$5.run(SingleThreadEventExecutor.java:1195)
		at io.netty.util.internal.ThreadExecutorMap$2.run(ThreadExecutorMap.java:74)
		at io.netty.util.concurrent.FastThreadLocalRunnable.run(FastThreadLocalRunnable.java:30)
		at java.base/java.lang.Thread.run(Thread.java:1474)

2026-01-10T05:15:29.218+08:00 ERROR 48928 --- [platform-gateway] [reactor-tcp-nio-19] cn.icofun.gateway.core.PluginChain       : CRITICAL Plugin [WafPlugin] failed. Aborting request to protect backend.
2026-01-10T05:15:29.218+08:00 ERROR 48928 --- [platform-gateway] [reactor-tcp-nio-19] cn.icofun.gateway.core.PluginChain       : Gateway Plugin [IpRestrictionPlugin] execution failed unexpectedly. Skipping to next...

org.springframework.dao.DataAccessResourceFailureException: Failed to obtain R2DBC Connection
	at org.springframework.r2dbc.connection.ConnectionFactoryUtils.lambda$getConnection$0(ConnectionFactoryUtils.java:102)
	Suppressed: The stacktrace has been enhanced by Reactor, refer to additional information below: 
Assembly trace from producer [reactor.core.publisher.MonoError] :

Error has been observed at the following site(s):
	*_____Mono.onErrorMap ⇢ at org.springframework.r2dbc.connection.ConnectionFactoryUtils.getConnection(ConnectionFactoryUtils.java:102)
	|_           Mono.map ⇢ at org.springframework.r2dbc.core.DefaultDatabaseClient.inConnectionMany(DefaultDatabaseClient.java:140)
	*______Flux.usingWhen ⇢ at org.springframework.r2dbc.core.DefaultDatabaseClient.inConnectionMany(DefaultDatabaseClient.java:143)
	|_    Flux.onErrorMap ⇢ at org.springframework.r2dbc.core.DefaultDatabaseClient.inConnectionMany(DefaultDatabaseClient.java:155)
	|_     Flux.concatMap ⇢ at org.springframework.data.r2dbc.core.R2dbcEntityTemplate$EntityCallbackAdapter.all(R2dbcEntityTemplate.java:962)
	*____Mono.flatMapMany ⇢ at org.springframework.data.r2dbc.repository.query.AbstractR2dbcQuery.lambda$execute$0(AbstractR2dbcQuery.java:78)
	*____Mono.flatMapMany ⇢ at org.springframework.data.r2dbc.repository.query.AbstractR2dbcQuery.execute(AbstractR2dbcQuery.java:78)
	*______Flux.usingWhen ⇢ at org.springframework.data.repository.core.support.RepositoryMethodInvoker$ReactiveInvocationListenerDecorator.decorate(RepositoryMethodInvoker.java:236)
	|_          Flux.sort ⇢ at cn.icofun.gateway.service.WafRuleService.refreshRules(WafRuleService.kt:50)
	|_          Flux.sort ⇢ at cn.icofun.gateway.service.WafRuleService.refreshRules(WafRuleService.kt:50)
	|_          Flux.sort ⇢ at cn.icofun.gateway.service.WafRuleService.refreshRules(WafRuleService.kt:50)
	|_   Flux.collectList ⇢ at cn.icofun.gateway.service.WafRuleService.refreshRules(WafRuleService.kt:51)
	|_      Mono.doOnNext ⇢ at cn.icofun.gateway.service.WafRuleService.refreshRules(WafRuleService.kt:52)
	|_   Mono.flatMapMany ⇢ at cn.icofun.gateway.service.WafRuleService.getActiveRules(WafRuleService.kt:41)
	|_ Flux.doOnSubscribe ⇢ at cn.icofun.gateway.plugin.WafPlugin.execute(WafPlugin.kt:78)
	|_  Flux.doOnComplete ⇢ at cn.icofun.gateway.plugin.WafPlugin.execute(WafPlugin.kt:81)
	|_        Flux.filter ⇢ at cn.icofun.gateway.plugin.WafPlugin.execute(WafPlugin.kt:84)
	|_          Flux.next ⇢ at cn.icofun.gateway.plugin.WafPlugin.execute(WafPlugin.kt:107)
	|_       Mono.flatMap ⇢ at cn.icofun.gateway.plugin.WafPlugin.execute(WafPlugin.kt:108)
	|_ Mono.switchIfEmpty ⇢ at cn.icofun.gateway.plugin.WafPlugin.execute(WafPlugin.kt:138)
	|_       Mono.timeout ⇢ at cn.icofun.gateway.core.PluginChain.execute(PluginChain.kt:35)
	|_ Mono.onErrorResume ⇢ at cn.icofun.gateway.core.PluginChain.execute(PluginChain.kt:36)
	*__________Mono.error ⇢ at cn.icofun.gateway.core.PluginChain.execute$lambda$0(PluginChain.kt:48)
	*__Mono.onErrorResume ⇢ at cn.icofun.gateway.core.PluginChain.execute(PluginChain.kt:36)
	|_       Mono.timeout ⇢ at cn.icofun.gateway.core.PluginChain.execute(PluginChain.kt:35)
Original Stack Trace:
		at org.springframework.r2dbc.connection.ConnectionFactoryUtils.lambda$getConnection$0(ConnectionFactoryUtils.java:102)
		at reactor.core.publisher.Mono.lambda$onErrorMap$1(Mono.java:3855)
		at reactor.core.publisher.FluxOnErrorResume$ResumeSubscriber.onError(FluxOnErrorResume.java:95)
		at reactor.core.publisher.FluxOnErrorResume$ResumeSubscriber.onError(FluxOnErrorResume.java:107)
		at reactor.core.publisher.FluxRetry$RetrySubscriber.onError(FluxRetry.java:97)
		at reactor.core.publisher.MonoFlatMap$FlatMapMain.onError(MonoFlatMap.java:181)
		at reactor.core.publisher.FluxContextWriteRestoringThreadLocals$ContextWriteRestoringThreadLocalsSubscriber.onError(FluxContextWriteRestoringThreadLocals.java:141)
		at reactor.pool.AbstractPool$Borrower.fail(AbstractPool.java:478)
		at reactor.pool.SimpleDequePool.lambda$drainLoop$9(SimpleDequePool.java:444)
		at reactor.core.publisher.FluxDoOnEach$DoOnEachSubscriber.onError(FluxDoOnEach.java:186)
		at reactor.core.publisher.MonoSubscribeOn$SubscribeOnSubscriber.onError(MonoSubscribeOn.java:155)
		at reactor.core.publisher.MonoFlatMap$FlatMapMain.secondError(MonoFlatMap.java:242)
		at reactor.core.publisher.MonoFlatMap$FlatMapInner.onError(MonoFlatMap.java:317)
		at reactor.core.publisher.FluxOnErrorResume$ResumeSubscriber.onError(FluxOnErrorResume.java:107)
		at reactor.core.publisher.MonoIgnoreThen$ThenIgnoreMain.onError(MonoIgnoreThen.java:283)
		at reactor.core.publisher.MonoIgnoreThen$ThenIgnoreMain.subscribeNext(MonoIgnoreThen.java:235)
		at reactor.core.publisher.MonoIgnoreThen$ThenIgnoreMain.onComplete(MonoIgnoreThen.java:207)
		at reactor.core.publisher.MonoContextWriteRestoringThreadLocals$ContextWriteRestoringThreadLocalsSubscriber.onComplete(MonoContextWriteRestoringThreadLocals.java:143)
		at reactor.core.publisher.Operators.complete(Operators.java:137)
		at reactor.netty.FutureMono.doSubscribe(FutureMono.java:122)
		at reactor.netty.FutureMono$DeferredFutureMono.subscribe(FutureMono.java:114)
		at reactor.core.publisher.MonoContextWriteRestoringThreadLocals.subscribe(MonoContextWriteRestoringThreadLocals.java:44)
		at reactor.core.publisher.Mono.subscribe(Mono.java:4569)
		at reactor.core.publisher.MonoIgnoreThen$ThenIgnoreMain.subscribeNext(MonoIgnoreThen.java:268)
		at reactor.core.publisher.MonoIgnoreThen.subscribe(MonoIgnoreThen.java:51)
		at reactor.core.publisher.Mono.subscribe(Mono.java:4569)
		at reactor.core.publisher.FluxOnErrorResume$ResumeSubscriber.onError(FluxOnErrorResume.java:104)
		at reactor.core.publisher.FluxMapFuseable$MapFuseableSubscriber.onError(FluxMapFuseable.java:143)
		at reactor.core.publisher.MonoIgnoreThen$ThenIgnoreMain.onError(MonoIgnoreThen.java:283)
		at reactor.core.publisher.MonoIgnoreElements$IgnoreElementsSubscriber.onError(MonoIgnoreElements.java:84)
		at reactor.core.publisher.MonoFlatMapMany$FlatMapManyInner.onError(MonoFlatMapMany.java:257)
		at reactor.core.publisher.FluxPeekFuseable$PeekFuseableSubscriber.onError(FluxPeekFuseable.java:235)
		at reactor.core.publisher.FluxContextWrite$ContextWriteSubscriber.onError(FluxContextWrite.java:123)
		at reactor.core.publisher.FluxContextWriteRestoringThreadLocalsFuseable$FuseableContextWriteRestoringThreadLocalsSubscriber.onError(FluxContextWriteRestoringThreadLocalsFuseable.java:143)
		at io.asyncer.r2dbc.mysql.internal.util.DiscardOnCancelSubscriber.onError(DiscardOnCancelSubscriber.java:75)
		at reactor.core.publisher.FluxPeekFuseable$PeekFuseableConditionalSubscriber.onError(FluxPeekFuseable.java:554)
		at reactor.core.publisher.FluxHandleFuseable$HandleFuseableConditionalSubscriber.onNext(FluxHandleFuseable.java:516)
		at reactor.core.publisher.FluxPeekFuseable$PeekConditionalSubscriber.onNext(FluxPeekFuseable.java:850)
		at reactor.core.publisher.FluxContextWriteRestoringThreadLocals$ContextWriteRestoringThreadLocalsSubscriber.onNext(FluxContextWriteRestoringThreadLocals.java:119)
		at reactor.core.publisher.SinkManyEmitterProcessor.drain(SinkManyEmitterProcessor.java:483)
		at reactor.core.publisher.SinkManyEmitterProcessor.tryEmitNext(SinkManyEmitterProcessor.java:281)
		at reactor.core.publisher.SinkManySerialized.tryEmitNext(SinkManySerialized.java:100)
		at reactor.core.publisher.InternalManySink.emitNext(InternalManySink.java:27)
		at io.asyncer.r2dbc.mysql.client.ReactorNettyClient$ResponseSink.next(ReactorNettyClient.java:395)
		at io.asyncer.r2dbc.mysql.client.ReactorNettyClient.lambda$new$0(ReactorNettyClient.java:119)
		at reactor.core.publisher.FluxPeek$PeekSubscriber.onNext(FluxPeek.java:188)
		at reactor.core.publisher.FluxContextWriteRestoringThreadLocals$ContextWriteRestoringThreadLocalsSubscriber.onNext(FluxContextWriteRestoringThreadLocals.java:119)
		at reactor.netty.channel.FluxReceive.drainReceiver(FluxReceive.java:296)
		at reactor.netty.channel.FluxReceive.onInboundNext(FluxReceive.java:407)
		at reactor.netty.channel.ChannelOperations.onInboundNext(ChannelOperations.java:445)
		at reactor.netty.channel.ChannelOperationsHandler.channelRead(ChannelOperationsHandler.java:115)
		at io.netty.channel.AbstractChannelHandlerContext.fireChannelRead(AbstractChannelHandlerContext.java:356)
		at io.netty.handler.codec.ByteToMessageDecoder.fireChannelRead(ByteToMessageDecoder.java:361)
		at io.netty.handler.codec.ByteToMessageDecoder.channelRead(ByteToMessageDecoder.java:325)
		at io.netty.channel.AbstractChannelHandlerContext.fireChannelRead(AbstractChannelHandlerContext.java:356)
		at io.netty.channel.DefaultChannelPipeline$HeadContext.channelRead(DefaultChannelPipeline.java:1429)
		at io.netty.channel.DefaultChannelPipeline.fireChannelRead(DefaultChannelPipeline.java:918)
		at io.netty.channel.nio.AbstractNioByteChannel$NioByteUnsafe.read(AbstractNioByteChannel.java:172)
		at io.netty.channel.nio.AbstractNioChannel$AbstractNioUnsafe.handle(AbstractNioChannel.java:445)
		at io.netty.channel.nio.NioIoHandler$DefaultNioRegistration.handle(NioIoHandler.java:388)
		at io.netty.channel.nio.NioIoHandler.processSelectedKey(NioIoHandler.java:596)
		at io.netty.channel.nio.NioIoHandler.processSelectedKeysPlain(NioIoHandler.java:541)
		at io.netty.channel.nio.NioIoHandler.processSelectedKeys(NioIoHandler.java:514)
		at io.netty.channel.nio.NioIoHandler.run(NioIoHandler.java:484)
		at io.netty.channel.SingleThreadIoEventLoop.runIo(SingleThreadIoEventLoop.java:225)
		at io.netty.channel.SingleThreadIoEventLoop.run(SingleThreadIoEventLoop.java:196)
		at io.netty.util.concurrent.SingleThreadEventExecutor$5.run(SingleThreadEventExecutor.java:1195)
		at io.netty.util.internal.ThreadExecutorMap$2.run(ThreadExecutorMap.java:74)
		at io.netty.util.concurrent.FastThreadLocalRunnable.run(FastThreadLocalRunnable.java:30)
		at java.base/java.lang.Thread.run(Thread.java:1474)
Caused by: io.r2dbc.spi.R2dbcPermissionDeniedException: [1045] [28000] Access denied for user 'root'@'172.18.0.1' (using password: YES)
	at io.asyncer.r2dbc.mysql.message.server.ErrorMessage.toException(ErrorMessage.java:90)
	Suppressed: The stacktrace has been enhanced by Reactor, refer to additional information below: 
Assembly trace from producer [reactor.core.publisher.FluxHandleFuseable] :
	reactor.core.publisher.Flux.handle(Flux.java:6155)
	io.asyncer.r2dbc.mysql.client.ReactorNettyClient.lambda$exchange$9(ReactorNettyClient.java:199)
Error has been observed at the following site(s):
	*_________Flux.handle ⇢ at io.asyncer.r2dbc.mysql.client.ReactorNettyClient.lambda$exchange$9(ReactorNettyClient.java:199)
	|_ Flux.doOnTerminate ⇢ at io.asyncer.r2dbc.mysql.client.ReactorNettyClient.lambda$exchange$9(ReactorNettyClient.java:200)
	|_   Flux.doOnDiscard ⇢ at io.asyncer.r2dbc.mysql.client.ReactorNettyClient.lambda$exchange$9(ReactorNettyClient.java:206)
	|_    Flux.doOnCancel ⇢ at io.asyncer.r2dbc.mysql.client.ReactorNettyClient.lambda$exchange$9(ReactorNettyClient.java:207)
	*____Mono.flatMapMany ⇢ at io.asyncer.r2dbc.mysql.client.ReactorNettyClient.exchange(ReactorNettyClient.java:208)
	|_          Flux.then ⇢ at io.asyncer.r2dbc.mysql.InitFlow.initHandshake(InitFlow.java:141)
	*___________Mono.then ⇢ at io.asyncer.r2dbc.mysql.MySqlConnectionFactory.lambda$getMySqlConnection$5(MySqlConnectionFactory.java:166)
	|_           Mono.map ⇢ at io.asyncer.r2dbc.mysql.MySqlConnectionFactory.lambda$getMySqlConnection$5(MySqlConnectionFactory.java:175)
	|_ Mono.onErrorResume ⇢ at io.asyncer.r2dbc.mysql.MySqlConnectionFactory.lambda$getMySqlConnection$5(MySqlConnectionFactory.java:180)
	*___________Mono.then ⇢ at io.asyncer.r2dbc.mysql.MySqlConnectionFactory.lambda$null$4(MySqlConnectionFactory.java:180)
	*________Mono.flatMap ⇢ at io.asyncer.r2dbc.mysql.MySqlConnectionFactory.getMySqlConnection(MySqlConnectionFactory.java:151)
	|_   Mono.subscribeOn ⇢ at io.r2dbc.pool.ConnectionPool.createConnectionPool(ConnectionPool.java:257)
	*________Mono.flatMap ⇢ at io.r2dbc.pool.ConnectionPool.lambda$new$11(ConnectionPool.java:107)
	*__________Mono.defer ⇢ at io.r2dbc.pool.ConnectionPool.<init>(ConnectionPool.java:104)
	|_         Mono.retry ⇢ at io.r2dbc.pool.ConnectionPool.<init>(ConnectionPool.java:167)
	*__Mono.onErrorResume ⇢ at org.springframework.r2dbc.connection.ConnectionFactoryUtils.doGetConnection(ConnectionFactoryUtils.java:151)
Original Stack Trace:
		at io.asyncer.r2dbc.mysql.message.server.ErrorMessage.toException(ErrorMessage.java:90)
		at io.asyncer.r2dbc.mysql.message.server.ErrorMessage.toException(ErrorMessage.java:73)
		at io.asyncer.r2dbc.mysql.HandshakeExchangeable.accept(InitFlow.java:535)
		at io.asyncer.r2dbc.mysql.HandshakeExchangeable.accept(InitFlow.java:478)
		at reactor.core.publisher.FluxHandleFuseable$HandleFuseableConditionalSubscriber.onNext(FluxHandleFuseable.java:493)
		at reactor.core.publisher.FluxPeekFuseable$PeekConditionalSubscriber.onNext(FluxPeekFuseable.java:850)
		at reactor.core.publisher.FluxContextWriteRestoringThreadLocals$ContextWriteRestoringThreadLocalsSubscriber.onNext(FluxContextWriteRestoringThreadLocals.java:119)
		at reactor.core.publisher.SinkManyEmitterProcessor.drain(SinkManyEmitterProcessor.java:483)
		at reactor.core.publisher.SinkManyEmitterProcessor.tryEmitNext(SinkManyEmitterProcessor.java:281)
		at reactor.core.publisher.SinkManySerialized.tryEmitNext(SinkManySerialized.java:100)
		at reactor.core.publisher.InternalManySink.emitNext(InternalManySink.java:27)
		at io.asyncer.r2dbc.mysql.client.ReactorNettyClient$ResponseSink.next(ReactorNettyClient.java:395)
		at io.asyncer.r2dbc.mysql.client.ReactorNettyClient.lambda$new$0(ReactorNettyClient.java:119)
		at reactor.core.publisher.FluxPeek$PeekSubscriber.onNext(FluxPeek.java:188)
		at reactor.core.publisher.FluxContextWriteRestoringThreadLocals$ContextWriteRestoringThreadLocalsSubscriber.onNext(FluxContextWriteRestoringThreadLocals.java:119)
		at reactor.netty.channel.FluxReceive.drainReceiver(FluxReceive.java:296)
		at reactor.netty.channel.FluxReceive.onInboundNext(FluxReceive.java:407)
		at reactor.netty.channel.ChannelOperations.onInboundNext(ChannelOperations.java:445)
		at reactor.netty.channel.ChannelOperationsHandler.channelRead(ChannelOperationsHandler.java:115)
		at io.netty.channel.AbstractChannelHandlerContext.fireChannelRead(AbstractChannelHandlerContext.java:356)
		at io.netty.handler.codec.ByteToMessageDecoder.fireChannelRead(ByteToMessageDecoder.java:361)
		at io.netty.handler.codec.ByteToMessageDecoder.channelRead(ByteToMessageDecoder.java:325)
		at io.netty.channel.AbstractChannelHandlerContext.fireChannelRead(AbstractChannelHandlerContext.java:356)
		at io.netty.channel.DefaultChannelPipeline$HeadContext.channelRead(DefaultChannelPipeline.java:1429)
		at io.netty.channel.DefaultChannelPipeline.fireChannelRead(DefaultChannelPipeline.java:918)
		at io.netty.channel.nio.AbstractNioByteChannel$NioByteUnsafe.read(AbstractNioByteChannel.java:172)
		at io.netty.channel.nio.AbstractNioChannel$AbstractNioUnsafe.handle(AbstractNioChannel.java:445)
		at io.netty.channel.nio.NioIoHandler$DefaultNioRegistration.handle(NioIoHandler.java:388)
		at io.netty.channel.nio.NioIoHandler.processSelectedKey(NioIoHandler.java:596)
		at io.netty.channel.nio.NioIoHandler.processSelectedKeysPlain(NioIoHandler.java:541)
		at io.netty.channel.nio.NioIoHandler.processSelectedKeys(NioIoHandler.java:514)
		at io.netty.channel.nio.NioIoHandler.run(NioIoHandler.java:484)
		at io.netty.channel.SingleThreadIoEventLoop.runIo(SingleThreadIoEventLoop.java:225)
		at io.netty.channel.SingleThreadIoEventLoop.run(SingleThreadIoEventLoop.java:196)
		at io.netty.util.concurrent.SingleThreadEventExecutor$5.run(SingleThreadEventExecutor.java:1195)
		at io.netty.util.internal.ThreadExecutorMap$2.run(ThreadExecutorMap.java:74)
		at io.netty.util.concurrent.FastThreadLocalRunnable.run(FastThreadLocalRunnable.java:30)
		at java.base/java.lang.Thread.run(Thread.java:1474)

2026-01-10T05:15:29.219+08:00 ERROR 48928 --- [platform-gateway] [reactor-tcp-nio-19] cn.icofun.gateway.core.PluginChain       : CRITICAL Plugin [IpRestrictionPlugin] failed. Aborting request to protect backend.
2026-01-10T05:15:29.219+08:00 ERROR 48928 --- [platform-gateway] [reactor-tcp-nio-19] c.i.g.exception.GlobalExceptionHandler   : [ExceptionHandler] [TraceID: unknown-trace-id] Uncaught org.springframework.dao.DataAccessResourceFailureException: Failed to obtain R2DBC Connection, path=/actuator/prometheus, method=GET

org.springframework.dao.DataAccessResourceFailureException: Failed to obtain R2DBC Connection
	at org.springframework.r2dbc.connection.ConnectionFactoryUtils.lambda$getConnection$0(ConnectionFactoryUtils.java:102)
	Suppressed: The stacktrace has been enhanced by Reactor, refer to additional information below: 
Assembly trace from producer [reactor.core.publisher.MonoError] :

Error has been observed at the following site(s):
	*_____Mono.onErrorMap ⇢ at org.springframework.r2dbc.connection.ConnectionFactoryUtils.getConnection(ConnectionFactoryUtils.java:102)
	|_           Mono.map ⇢ at org.springframework.r2dbc.core.DefaultDatabaseClient.inConnectionMany(DefaultDatabaseClient.java:140)
	*______Flux.usingWhen ⇢ at org.springframework.r2dbc.core.DefaultDatabaseClient.inConnectionMany(DefaultDatabaseClient.java:143)
	|_    Flux.onErrorMap ⇢ at org.springframework.r2dbc.core.DefaultDatabaseClient.inConnectionMany(DefaultDatabaseClient.java:155)
	|_     Flux.concatMap ⇢ at org.springframework.data.r2dbc.core.R2dbcEntityTemplate$EntityCallbackAdapter.all(R2dbcEntityTemplate.java:962)
	*____Mono.flatMapMany ⇢ at org.springframework.data.r2dbc.repository.query.AbstractR2dbcQuery.lambda$execute$0(AbstractR2dbcQuery.java:78)
	*____Mono.flatMapMany ⇢ at org.springframework.data.r2dbc.repository.query.AbstractR2dbcQuery.execute(AbstractR2dbcQuery.java:78)
	*______Flux.usingWhen ⇢ at org.springframework.data.repository.core.support.RepositoryMethodInvoker$ReactiveInvocationListenerDecorator.decorate(RepositoryMethodInvoker.java:236)
	|_          Flux.sort ⇢ at cn.icofun.gateway.service.WafRuleService.refreshRules(WafRuleService.kt:50)
	|_          Flux.sort ⇢ at cn.icofun.gateway.service.WafRuleService.refreshRules(WafRuleService.kt:50)
	|_          Flux.sort ⇢ at cn.icofun.gateway.service.WafRuleService.refreshRules(WafRuleService.kt:50)
	|_   Flux.collectList ⇢ at cn.icofun.gateway.service.WafRuleService.refreshRules(WafRuleService.kt:51)
	|_      Mono.doOnNext ⇢ at cn.icofun.gateway.service.WafRuleService.refreshRules(WafRuleService.kt:52)
	|_   Mono.flatMapMany ⇢ at cn.icofun.gateway.service.WafRuleService.getActiveRules(WafRuleService.kt:41)
	|_ Flux.doOnSubscribe ⇢ at cn.icofun.gateway.plugin.WafPlugin.execute(WafPlugin.kt:78)
	|_  Flux.doOnComplete ⇢ at cn.icofun.gateway.plugin.WafPlugin.execute(WafPlugin.kt:81)
	|_        Flux.filter ⇢ at cn.icofun.gateway.plugin.WafPlugin.execute(WafPlugin.kt:84)
	|_          Flux.next ⇢ at cn.icofun.gateway.plugin.WafPlugin.execute(WafPlugin.kt:107)
	|_       Mono.flatMap ⇢ at cn.icofun.gateway.plugin.WafPlugin.execute(WafPlugin.kt:108)
	|_ Mono.switchIfEmpty ⇢ at cn.icofun.gateway.plugin.WafPlugin.execute(WafPlugin.kt:138)
	|_       Mono.timeout ⇢ at cn.icofun.gateway.core.PluginChain.execute(PluginChain.kt:35)
	|_ Mono.onErrorResume ⇢ at cn.icofun.gateway.core.PluginChain.execute(PluginChain.kt:36)
	*__________Mono.error ⇢ at cn.icofun.gateway.core.PluginChain.execute$lambda$0(PluginChain.kt:48)
	*__Mono.onErrorResume ⇢ at cn.icofun.gateway.core.PluginChain.execute(PluginChain.kt:36)
	|_       Mono.timeout ⇢ at cn.icofun.gateway.core.PluginChain.execute(PluginChain.kt:35)
	|_ Mono.onErrorResume ⇢ at cn.icofun.gateway.core.PluginChain.execute(PluginChain.kt:36)
	*__________Mono.error ⇢ at cn.icofun.gateway.core.PluginChain.execute$lambda$0(PluginChain.kt:48)
	*___________Mono.then ⇢ at cn.icofun.gateway.core.GatewayPluginRunner.filter(GatewayPluginRunner.kt:28)
	|_         checkpoint ⇢ cn.icofun.gateway.core.GatewayPluginRunner@2f9419a4
	*__________Mono.defer ⇢ at org.springframework.web.server.handler.DefaultWebFilterChain.filter(DefaultWebFilterChain.java:104)
	|_         checkpoint ⇢ cn.icofun.gateway.filter.GlobalBodyCachingFilter@275d46a8
	*__________Mono.defer ⇢ at org.springframework.web.server.handler.DefaultWebFilterChain.filter(DefaultWebFilterChain.java:104)
	|_     Mono.doOnError ⇢ at org.springframework.web.server.handler.ExceptionHandlingWebHandler.handle(ExceptionHandlingWebHandler.java:84)
	|_ Mono.onErrorResume ⇢ at org.springframework.web.server.handler.ExceptionHandlingWebHandler.handle(ExceptionHandlingWebHandler.java:85)
	|_     Mono.doOnError ⇢ at org.springframework.web.server.handler.ExceptionHandlingWebHandler.handle(ExceptionHandlingWebHandler.java:84)
	*__________Mono.error ⇢ at org.springframework.web.server.handler.ExceptionHandlingWebHandler$CheckpointInsertingHandler.handle(ExceptionHandlingWebHandler.java:106)
	|_         checkpoint ⇢ HTTP GET "/actuator/prometheus" [ExceptionHandlingWebHandler]
Original Stack Trace:
		at org.springframework.r2dbc.connection.ConnectionFactoryUtils.lambda$getConnection$0(ConnectionFactoryUtils.java:102)
		at reactor.core.publisher.Mono.lambda$onErrorMap$1(Mono.java:3855)
		at reactor.core.publisher.FluxOnErrorResume$ResumeSubscriber.onError(FluxOnErrorResume.java:95)
		at reactor.core.publisher.FluxOnErrorResume$ResumeSubscriber.onError(FluxOnErrorResume.java:107)
		at reactor.core.publisher.FluxRetry$RetrySubscriber.onError(FluxRetry.java:97)
		at reactor.core.publisher.MonoFlatMap$FlatMapMain.onError(MonoFlatMap.java:181)
		at reactor.core.publisher.FluxContextWriteRestoringThreadLocals$ContextWriteRestoringThreadLocalsSubscriber.onError(FluxContextWriteRestoringThreadLocals.java:141)
		at reactor.pool.AbstractPool$Borrower.fail(AbstractPool.java:478)
		at reactor.pool.SimpleDequePool.lambda$drainLoop$9(SimpleDequePool.java:444)
		at reactor.core.publisher.FluxDoOnEach$DoOnEachSubscriber.onError(FluxDoOnEach.java:186)
		at reactor.core.publisher.MonoSubscribeOn$SubscribeOnSubscriber.onError(MonoSubscribeOn.java:155)
		at reactor.core.publisher.MonoFlatMap$FlatMapMain.secondError(MonoFlatMap.java:242)
		at reactor.core.publisher.MonoFlatMap$FlatMapInner.onError(MonoFlatMap.java:317)
		at reactor.core.publisher.FluxOnErrorResume$ResumeSubscriber.onError(FluxOnErrorResume.java:107)
		at reactor.core.publisher.MonoIgnoreThen$ThenIgnoreMain.onError(MonoIgnoreThen.java:283)
		at reactor.core.publisher.MonoIgnoreThen$ThenIgnoreMain.subscribeNext(MonoIgnoreThen.java:235)
		at reactor.core.publisher.MonoIgnoreThen$ThenIgnoreMain.onComplete(MonoIgnoreThen.java:207)
		at reactor.core.publisher.MonoContextWriteRestoringThreadLocals$ContextWriteRestoringThreadLocalsSubscriber.onComplete(MonoContextWriteRestoringThreadLocals.java:143)
		at reactor.core.publisher.Operators.complete(Operators.java:137)
		at reactor.netty.FutureMono.doSubscribe(FutureMono.java:122)
		at reactor.netty.FutureMono$DeferredFutureMono.subscribe(FutureMono.java:114)
		at reactor.core.publisher.MonoContextWriteRestoringThreadLocals.subscribe(MonoContextWriteRestoringThreadLocals.java:44)
		at reactor.core.publisher.Mono.subscribe(Mono.java:4569)
		at reactor.core.publisher.MonoIgnoreThen$ThenIgnoreMain.subscribeNext(MonoIgnoreThen.java:268)
		at reactor.core.publisher.MonoIgnoreThen.subscribe(MonoIgnoreThen.java:51)
		at reactor.core.publisher.Mono.subscribe(Mono.java:4569)
		at reactor.core.publisher.FluxOnErrorResume$ResumeSubscriber.onError(FluxOnErrorResume.java:104)
		at reactor.core.publisher.FluxMapFuseable$MapFuseableSubscriber.onError(FluxMapFuseable.java:143)
		at reactor.core.publisher.MonoIgnoreThen$ThenIgnoreMain.onError(MonoIgnoreThen.java:283)
		at reactor.core.publisher.MonoIgnoreElements$IgnoreElementsSubscriber.onError(MonoIgnoreElements.java:84)
		at reactor.core.publisher.MonoFlatMapMany$FlatMapManyInner.onError(MonoFlatMapMany.java:257)
		at reactor.core.publisher.FluxPeekFuseable$PeekFuseableSubscriber.onError(FluxPeekFuseable.java:235)
		at reactor.core.publisher.FluxContextWrite$ContextWriteSubscriber.onError(FluxContextWrite.java:123)
		at reactor.core.publisher.FluxContextWriteRestoringThreadLocalsFuseable$FuseableContextWriteRestoringThreadLocalsSubscriber.onError(FluxContextWriteRestoringThreadLocalsFuseable.java:143)
		at io.asyncer.r2dbc.mysql.internal.util.DiscardOnCancelSubscriber.onError(DiscardOnCancelSubscriber.java:75)
		at reactor.core.publisher.FluxPeekFuseable$PeekFuseableConditionalSubscriber.onError(FluxPeekFuseable.java:554)
		at reactor.core.publisher.FluxHandleFuseable$HandleFuseableConditionalSubscriber.onNext(FluxHandleFuseable.java:516)
		at reactor.core.publisher.FluxPeekFuseable$PeekConditionalSubscriber.onNext(FluxPeekFuseable.java:850)
		at reactor.core.publisher.FluxContextWriteRestoringThreadLocals$ContextWriteRestoringThreadLocalsSubscriber.onNext(FluxContextWriteRestoringThreadLocals.java:119)
		at reactor.core.publisher.SinkManyEmitterProcessor.drain(SinkManyEmitterProcessor.java:483)
		at reactor.core.publisher.SinkManyEmitterProcessor.tryEmitNext(SinkManyEmitterProcessor.java:281)
		at reactor.core.publisher.SinkManySerialized.tryEmitNext(SinkManySerialized.java:100)
		at reactor.core.publisher.InternalManySink.emitNext(InternalManySink.java:27)
		at io.asyncer.r2dbc.mysql.client.ReactorNettyClient$ResponseSink.next(ReactorNettyClient.java:395)
		at io.asyncer.r2dbc.mysql.client.ReactorNettyClient.lambda$new$0(ReactorNettyClient.java:119)
		at reactor.core.publisher.FluxPeek$PeekSubscriber.onNext(FluxPeek.java:188)
		at reactor.core.publisher.FluxContextWriteRestoringThreadLocals$ContextWriteRestoringThreadLocalsSubscriber.onNext(FluxContextWriteRestoringThreadLocals.java:119)
		at reactor.netty.channel.FluxReceive.drainReceiver(FluxReceive.java:296)
		at reactor.netty.channel.FluxReceive.onInboundNext(FluxReceive.java:407)
		at reactor.netty.channel.ChannelOperations.onInboundNext(ChannelOperations.java:445)
		at reactor.netty.channel.ChannelOperationsHandler.channelRead(ChannelOperationsHandler.java:115)
		at io.netty.channel.AbstractChannelHandlerContext.fireChannelRead(AbstractChannelHandlerContext.java:356)
		at io.netty.handler.codec.ByteToMessageDecoder.fireChannelRead(ByteToMessageDecoder.java:361)
		at io.netty.handler.codec.ByteToMessageDecoder.channelRead(ByteToMessageDecoder.java:325)
		at io.netty.channel.AbstractChannelHandlerContext.fireChannelRead(AbstractChannelHandlerContext.java:356)
		at io.netty.channel.DefaultChannelPipeline$HeadContext.channelRead(DefaultChannelPipeline.java:1429)
		at io.netty.channel.DefaultChannelPipeline.fireChannelRead(DefaultChannelPipeline.java:918)
		at io.netty.channel.nio.AbstractNioByteChannel$NioByteUnsafe.read(AbstractNioByteChannel.java:172)
		at io.netty.channel.nio.AbstractNioChannel$AbstractNioUnsafe.handle(AbstractNioChannel.java:445)
		at io.netty.channel.nio.NioIoHandler$DefaultNioRegistration.handle(NioIoHandler.java:388)
		at io.netty.channel.nio.NioIoHandler.processSelectedKey(NioIoHandler.java:596)
		at io.netty.channel.nio.NioIoHandler.processSelectedKeysPlain(NioIoHandler.java:541)
		at io.netty.channel.nio.NioIoHandler.processSelectedKeys(NioIoHandler.java:514)
		at io.netty.channel.nio.NioIoHandler.run(NioIoHandler.java:484)
		at io.netty.channel.SingleThreadIoEventLoop.runIo(SingleThreadIoEventLoop.java:225)
		at io.netty.channel.SingleThreadIoEventLoop.run(SingleThreadIoEventLoop.java:196)
		at io.netty.util.concurrent.SingleThreadEventExecutor$5.run(SingleThreadEventExecutor.java:1195)
		at io.netty.util.internal.ThreadExecutorMap$2.run(ThreadExecutorMap.java:74)
		at io.netty.util.concurrent.FastThreadLocalRunnable.run(FastThreadLocalRunnable.java:30)
		at java.base/java.lang.Thread.run(Thread.java:1474)
Caused by: io.r2dbc.spi.R2dbcPermissionDeniedException: [1045] [28000] Access denied for user 'root'@'172.18.0.1' (using password: YES)
	at io.asyncer.r2dbc.mysql.message.server.ErrorMessage.toException(ErrorMessage.java:90)
	Suppressed: The stacktrace has been enhanced by Reactor, refer to additional information below: 
Assembly trace from producer [reactor.core.publisher.FluxHandleFuseable] :
	reactor.core.publisher.Flux.handle(Flux.java:6155)
	io.asyncer.r2dbc.mysql.client.ReactorNettyClient.lambda$exchange$9(ReactorNettyClient.java:199)
Error has been observed at the following site(s):
	*_________Flux.handle ⇢ at io.asyncer.r2dbc.mysql.client.ReactorNettyClient.lambda$exchange$9(ReactorNettyClient.java:199)
	|_ Flux.doOnTerminate ⇢ at io.asyncer.r2dbc.mysql.client.ReactorNettyClient.lambda$exchange$9(ReactorNettyClient.java:200)
	|_   Flux.doOnDiscard ⇢ at io.asyncer.r2dbc.mysql.client.ReactorNettyClient.lambda$exchange$9(ReactorNettyClient.java:206)
	|_    Flux.doOnCancel ⇢ at io.asyncer.r2dbc.mysql.client.ReactorNettyClient.lambda$exchange$9(ReactorNettyClient.java:207)
	*____Mono.flatMapMany ⇢ at io.asyncer.r2dbc.mysql.client.ReactorNettyClient.exchange(ReactorNettyClient.java:208)
	|_          Flux.then ⇢ at io.asyncer.r2dbc.mysql.InitFlow.initHandshake(InitFlow.java:141)
	*___________Mono.then ⇢ at io.asyncer.r2dbc.mysql.MySqlConnectionFactory.lambda$getMySqlConnection$5(MySqlConnectionFactory.java:166)
	|_           Mono.map ⇢ at io.asyncer.r2dbc.mysql.MySqlConnectionFactory.lambda$getMySqlConnection$5(MySqlConnectionFactory.java:175)
	|_ Mono.onErrorResume ⇢ at io.asyncer.r2dbc.mysql.MySqlConnectionFactory.lambda$getMySqlConnection$5(MySqlConnectionFactory.java:180)
	*___________Mono.then ⇢ at io.asyncer.r2dbc.mysql.MySqlConnectionFactory.lambda$null$4(MySqlConnectionFactory.java:180)
	*________Mono.flatMap ⇢ at io.asyncer.r2dbc.mysql.MySqlConnectionFactory.getMySqlConnection(MySqlConnectionFactory.java:151)
	|_   Mono.subscribeOn ⇢ at io.r2dbc.pool.ConnectionPool.createConnectionPool(ConnectionPool.java:257)
	*________Mono.flatMap ⇢ at io.r2dbc.pool.ConnectionPool.lambda$new$11(ConnectionPool.java:107)
	*__________Mono.defer ⇢ at io.r2dbc.pool.ConnectionPool.<init>(ConnectionPool.java:104)
	|_         Mono.retry ⇢ at io.r2dbc.pool.ConnectionPool.<init>(ConnectionPool.java:167)
	*__Mono.onErrorResume ⇢ at org.springframework.r2dbc.connection.ConnectionFactoryUtils.doGetConnection(ConnectionFactoryUtils.java:151)
Original Stack Trace:
		at io.asyncer.r2dbc.mysql.message.server.ErrorMessage.toException(ErrorMessage.java:90)
		at io.asyncer.r2dbc.mysql.message.server.ErrorMessage.toException(ErrorMessage.java:73)
		at io.asyncer.r2dbc.mysql.HandshakeExchangeable.accept(InitFlow.java:535)
		at io.asyncer.r2dbc.mysql.HandshakeExchangeable.accept(InitFlow.java:478)
		at reactor.core.publisher.FluxHandleFuseable$HandleFuseableConditionalSubscriber.onNext(FluxHandleFuseable.java:493)
		at reactor.core.publisher.FluxPeekFuseable$PeekConditionalSubscriber.onNext(FluxPeekFuseable.java:850)
		at reactor.core.publisher.FluxContextWriteRestoringThreadLocals$ContextWriteRestoringThreadLocalsSubscriber.onNext(FluxContextWriteRestoringThreadLocals.java:119)
		at reactor.core.publisher.SinkManyEmitterProcessor.drain(SinkManyEmitterProcessor.java:483)
		at reactor.core.publisher.SinkManyEmitterProcessor.tryEmitNext(SinkManyEmitterProcessor.java:281)
		at reactor.core.publisher.SinkManySerialized.tryEmitNext(SinkManySerialized.java:100)
		at reactor.core.publisher.InternalManySink.emitNext(InternalManySink.java:27)
		at io.asyncer.r2dbc.mysql.client.ReactorNettyClient$ResponseSink.next(ReactorNettyClient.java:395)
		at io.asyncer.r2dbc.mysql.client.ReactorNettyClient.lambda$new$0(ReactorNettyClient.java:119)
		at reactor.core.publisher.FluxPeek$PeekSubscriber.onNext(FluxPeek.java:188)
		at reactor.core.publisher.FluxContextWriteRestoringThreadLocals$ContextWriteRestoringThreadLocalsSubscriber.onNext(FluxContextWriteRestoringThreadLocals.java:119)
		at reactor.netty.channel.FluxReceive.drainReceiver(FluxReceive.java:296)
		at reactor.netty.channel.FluxReceive.onInboundNext(FluxReceive.java:407)
		at reactor.netty.channel.ChannelOperations.onInboundNext(ChannelOperations.java:445)
		at reactor.netty.channel.ChannelOperationsHandler.channelRead(ChannelOperationsHandler.java:115)
		at io.netty.channel.AbstractChannelHandlerContext.fireChannelRead(AbstractChannelHandlerContext.java:356)
		at io.netty.handler.codec.ByteToMessageDecoder.fireChannelRead(ByteToMessageDecoder.java:361)
		at io.netty.handler.codec.ByteToMessageDecoder.channelRead(ByteToMessageDecoder.java:325)
		at io.netty.channel.AbstractChannelHandlerContext.fireChannelRead(AbstractChannelHandlerContext.java:356)
		at io.netty.channel.DefaultChannelPipeline$HeadContext.channelRead(DefaultChannelPipeline.java:1429)
		at io.netty.channel.DefaultChannelPipeline.fireChannelRead(DefaultChannelPipeline.java:918)
		at io.netty.channel.nio.AbstractNioByteChannel$NioByteUnsafe.read(AbstractNioByteChannel.java:172)
		at io.netty.channel.nio.AbstractNioChannel$AbstractNioUnsafe.handle(AbstractNioChannel.java:445)
		at io.netty.channel.nio.NioIoHandler$DefaultNioRegistration.handle(NioIoHandler.java:388)
		at io.netty.channel.nio.NioIoHandler.processSelectedKey(NioIoHandler.java:596)
		at io.netty.channel.nio.NioIoHandler.processSelectedKeysPlain(NioIoHandler.java:541)
		at io.netty.channel.nio.NioIoHandler.processSelectedKeys(NioIoHandler.java:514)
		at io.netty.channel.nio.NioIoHandler.run(NioIoHandler.java:484)
		at io.netty.channel.SingleThreadIoEventLoop.runIo(SingleThreadIoEventLoop.java:225)
		at io.netty.channel.SingleThreadIoEventLoop.run(SingleThreadIoEventLoop.java:196)
		at io.netty.util.concurrent.SingleThreadEventExecutor$5.run(SingleThreadEventExecutor.java:1195)
		at io.netty.util.internal.ThreadExecutorMap$2.run(ThreadExecutorMap.java:74)
		at io.netty.util.concurrent.FastThreadLocalRunnable.run(FastThreadLocalRunnable.java:30)
		at java.base/java.lang.Thread.run(Thread.java:1474)

2026-01-10T05:15:29.221+08:00 DEBUG 48928 --- [platform-gateway] [reactor-tcp-nio-19] c.i.g.exception.GlobalExceptionHandler   : [ExceptionHandler] [TraceID: unknown-trace-id] Returning error response: code=500, message=System is busy, please try again later
2026-01-10T05:15:29.222+08:00  WARN 48928 --- [platform-gateway] [reactor-tcp-nio-19] i.a.r.mysql.client.ReactorNettyClient    : Connection unexpectedly closed
2026-01-10T05:15:29.224+08:00  WARN 48928 --- [platform-gateway] [reactor-tcp-nio-1] i.a.r.mysql.client.ReactorNettyClient    : Connection unexpectedly closed
2026-01-10T05:15:29.228+08:00  WARN 48928 --- [platform-gateway] [reactor-tcp-nio-2] i.a.r.mysql.client.ReactorNettyClient    : Connection unexpectedly closed
2026-01-10T05:15:29.231+08:00  WARN 48928 --- [platform-gateway] [reactor-tcp-nio-3] i.a.r.mysql.client.ReactorNettyClient    : Connection unexpectedly closed
2026-01-10T05:15:29.236+08:00  WARN 48928 --- [platform-gateway] [reactor-tcp-nio-4] i.a.r.mysql.client.ReactorNettyClient    : Connection unexpectedly closed
2026-01-10T05:15:29.239+08:00  WARN 48928 --- [platform-gateway] [reactor-tcp-nio-5] i.a.r.mysql.client.ReactorNettyClient    : Connection unexpectedly closed
2026-01-10T05:15:29.247+08:00  WARN 48928 --- [platform-gateway] [reactor-tcp-nio-6] i.a.r.mysql.client.ReactorNettyClient    : Connection unexpectedly closed
2026-01-10T05:15:29.256+08:00  WARN 48928 --- [platform-gateway] [reactor-tcp-nio-7] i.a.r.mysql.client.ReactorNettyClient    : Connection unexpectedly closed
2026-01-10T05:15:31.788+08:00  INFO 48928 --- [platform-gateway] [HeartBeat-Task-Scheduler-1] i.g.c.RedisSwaggerConfig$$SpringCGLIB$$0 : 🚀 [RedisSwaggerConfig] Auto-updated Swagger URLs: []
2026-01-10T05:15:32.683+08:00  INFO 48928 --- [platform-gateway] [Thread-9] c.a.nacos.common.notify.NotifyCenter     : [NotifyCenter] Start destroying Publisher
2026-01-10T05:15:32.683+08:00  INFO 48928 --- [platform-gateway] [Thread-7] c.a.n.common.http.HttpClientBeanHolder   : [HttpClientBeanHolder] Start destroying common HttpClient
2026-01-10T05:15:32.683+08:00  INFO 48928 --- [platform-gateway] [Thread-1] c.a.n.common.executor.ThreadPoolManager  : [ThreadPoolManager] Start destroying ThreadPool
2026-01-10T05:15:32.683+08:00  INFO 48928 --- [platform-gateway] [Thread-9] c.a.nacos.common.notify.NotifyCenter     : [NotifyCenter] Completed destruction of Publisher
2026-01-10T05:15:32.683+08:00 ERROR 48928 --- [platform-gateway] [nacos.publisher-com.alibaba.nacos.client.config.impl.ConfigFuzzyWatchNotifyEvent] c.a.nacos.common.notify.NotifyCenter     : Event listener exception : 

java.lang.InterruptedException
	at java.base/java.util.concurrent.locks.AbstractQueuedSynchronizer$ConditionObject.await(AbstractQueuedSynchronizer.java:1767)
	at java.base/java.util.concurrent.ArrayBlockingQueue.take(ArrayBlockingQueue.java:421)
	at com.alibaba.nacos.common.notify.DefaultPublisher.openEventHandler(DefaultPublisher.java:111)
	at com.alibaba.nacos.common.notify.DefaultPublisher.run(DefaultPublisher.java:95)

2026-01-10T05:15:32.683+08:00 ERROR 48928 --- [platform-gateway] [nacos.publisher-com.alibaba.nacos.client.config.impl.ConfigFuzzyWatchLoadEvent] c.a.nacos.common.notify.NotifyCenter     : Event listener exception : 

java.lang.InterruptedException
	at java.base/java.util.concurrent.locks.AbstractQueuedSynchronizer$ConditionObject.await(AbstractQueuedSynchronizer.java:1767)
	at java.base/java.util.concurrent.ArrayBlockingQueue.take(ArrayBlockingQueue.java:421)
	at com.alibaba.nacos.common.notify.DefaultPublisher.openEventHandler(DefaultPublisher.java:111)
	at com.alibaba.nacos.common.notify.DefaultPublisher.run(DefaultPublisher.java:95)

2026-01-10T05:15:32.683+08:00 ERROR 48928 --- [platform-gateway] [nacos.publisher-com.alibaba.nacos.client.naming.event.NamingFuzzyWatchLoadEvent] c.a.nacos.common.notify.NotifyCenter     : Event listener exception : 

java.lang.InterruptedException
	at java.base/java.util.concurrent.locks.AbstractQueuedSynchronizer$ConditionObject.await(AbstractQueuedSynchronizer.java:1767)
	at java.base/java.util.concurrent.ArrayBlockingQueue.take(ArrayBlockingQueue.java:421)
	at com.alibaba.nacos.common.notify.DefaultPublisher.openEventHandler(DefaultPublisher.java:111)
	at com.alibaba.nacos.common.notify.DefaultPublisher.run(DefaultPublisher.java:95)

2026-01-10T05:15:32.683+08:00 ERROR 48928 --- [platform-gateway] [nacos.publisher-com.alibaba.nacos.common.ability.AbstractAbilityControlManager$AbilityUpdateEvent] c.a.nacos.common.notify.NotifyCenter     : Event listener exception : 

java.lang.InterruptedException
	at java.base/java.util.concurrent.locks.AbstractQueuedSynchronizer$ConditionObject.await(AbstractQueuedSynchronizer.java:1767)
	at java.base/java.util.concurrent.ArrayBlockingQueue.take(ArrayBlockingQueue.java:421)
	at com.alibaba.nacos.common.notify.DefaultPublisher.openEventHandler(DefaultPublisher.java:111)
	at com.alibaba.nacos.common.notify.DefaultPublisher.run(DefaultPublisher.java:95)

2026-01-10T05:15:32.683+08:00 ERROR 48928 --- [platform-gateway] [nacos.publisher-com.alibaba.nacos.common.notify.SlowEvent] c.a.nacos.common.notify.NotifyCenter     : Event listener exception : 

java.lang.InterruptedException
	at java.base/java.util.concurrent.locks.AbstractQueuedSynchronizer$ConditionObject.await(AbstractQueuedSynchronizer.java:1767)
	at java.base/java.util.concurrent.ArrayBlockingQueue.take(ArrayBlockingQueue.java:421)
	at com.alibaba.nacos.common.notify.DefaultPublisher.openEventHandler(DefaultPublisher.java:111)
	at com.alibaba.nacos.common.notify.DefaultPublisher.run(DefaultPublisher.java:95)

2026-01-10T05:15:32.683+08:00 ERROR 48928 --- [platform-gateway] [nacos.publisher-com.alibaba.nacos.client.naming.event.InstancesChangeEvent] c.a.nacos.common.notify.NotifyCenter     : Event listener exception : 

java.lang.InterruptedException
	at java.base/java.util.concurrent.locks.AbstractQueuedSynchronizer$ConditionObject.await(AbstractQueuedSynchronizer.java:1767)
	at java.base/java.util.concurrent.ArrayBlockingQueue.take(ArrayBlockingQueue.java:421)
	at com.alibaba.nacos.common.notify.DefaultPublisher.openEventHandler(DefaultPublisher.java:111)
	at com.alibaba.nacos.common.notify.DefaultPublisher.run(DefaultPublisher.java:95)

2026-01-10T05:15:32.684+08:00  INFO 48928 --- [platform-gateway] [Thread-1] c.a.n.common.executor.ThreadPoolManager  : [ThreadPoolManager] Completed destruction of ThreadPool
2026-01-10T05:15:32.683+08:00 ERROR 48928 --- [platform-gateway] [nacos.publisher-com.alibaba.nacos.client.naming.event.NamingFuzzyWatchNotifyEvent] c.a.nacos.common.notify.NotifyCenter     : Event listener exception : 

java.lang.InterruptedException
	at java.base/java.util.concurrent.locks.AbstractQueuedSynchronizer$ConditionObject.await(AbstractQueuedSynchronizer.java:1767)
	at java.base/java.util.concurrent.ArrayBlockingQueue.take(ArrayBlockingQueue.java:421)
	at com.alibaba.nacos.common.notify.DefaultPublisher.openEventHandler(DefaultPublisher.java:111)
	at com.alibaba.nacos.common.notify.DefaultPublisher.run(DefaultPublisher.java:95)

2026-01-10T05:15:32.684+08:00  INFO 48928 --- [platform-gateway] [Thread-7] c.a.n.common.http.HttpClientBeanHolder   : [HttpClientBeanHolder] Completed destruction of HttpClient
2026-01-10T05:15:32.688+08:00  INFO 48928 --- [platform-gateway] [SpringApplicationShutdownHook] c.a.c.n.registry.NacosServiceRegistry    : De-registering from Nacos Server now...
2026-01-10T05:15:32.688+08:00  INFO 48928 --- [platform-gateway] [SpringApplicationShutdownHook] com.alibaba.nacos.client.naming          : [DEREGISTER-SERVICE] public deregistering service platform-gateway with instance: Instance{instanceId='null', ip='172.31.16.1', port=9000, weight=1.0, healthy=true, enabled=true, ephemeral=true, clusterName='', serviceName='null', metadata={}}
2026-01-10T05:15:32.696+08:00  INFO 48928 --- [platform-gateway] [SpringApplicationShutdownHook] c.a.c.n.registry.NacosServiceRegistry    : De-registration finished.
2026-01-10T05:15:32.698+08:00  INFO 48928 --- [platform-gateway] [SpringApplicationShutdownHook] com.alibaba.nacos.client.naming          : com.alibaba.nacos.client.naming.cache.ServiceInfoHolder do shutdown begin
2026-01-10T05:15:32.698+08:00  INFO 48928 --- [platform-gateway] [SpringApplicationShutdownHook] com.alibaba.nacos.client.naming          : com.alibaba.nacos.client.naming.backups.FailoverReactor do shutdown begin
2026-01-10T05:15:32.698+08:00  INFO 48928 --- [platform-gateway] [SpringApplicationShutdownHook] com.alibaba.nacos.client.naming          : com.alibaba.nacos.client.naming.backups.FailoverReactor do shutdown stop
2026-01-10T05:15:32.698+08:00  INFO 48928 --- [platform-gateway] [SpringApplicationShutdownHook] com.alibaba.nacos.client.naming          : com.alibaba.nacos.client.naming.cache.ServiceInfoHolder do shutdown stop
2026-01-10T05:15:32.698+08:00  INFO 48928 --- [platform-gateway] [SpringApplicationShutdownHook] com.alibaba.nacos.client.naming          : com.alibaba.nacos.client.naming.remote.NamingClientProxyDelegate do shutdown begin
2026-01-10T05:15:32.698+08:00  INFO 48928 --- [platform-gateway] [SpringApplicationShutdownHook] com.alibaba.nacos.client.naming          : com.alibaba.nacos.client.naming.core.ServiceInfoUpdateService do shutdown begin
2026-01-10T05:15:32.698+08:00  INFO 48928 --- [platform-gateway] [SpringApplicationShutdownHook] com.alibaba.nacos.client.naming          : com.alibaba.nacos.client.naming.core.ServiceInfoUpdateService do shutdown stop
2026-01-10T05:15:32.698+08:00  INFO 48928 --- [platform-gateway] [SpringApplicationShutdownHook] c.a.n.c.a.AbstractServerListManager      : com.alibaba.nacos.client.naming.core.NamingServerListManager do shutdown begin
2026-01-10T05:15:32.698+08:00  INFO 48928 --- [platform-gateway] [SpringApplicationShutdownHook] c.a.n.c.a.AbstractServerListManager      : com.alibaba.nacos.client.naming.core.NamingServerListManager do shutdown stop
2026-01-10T05:15:32.698+08:00  INFO 48928 --- [platform-gateway] [SpringApplicationShutdownHook] com.alibaba.nacos.client.naming          : com.alibaba.nacos.client.naming.remote.http.NamingHttpClientProxy do shutdown begin
2026-01-10T05:15:32.698+08:00  INFO 48928 --- [platform-gateway] [SpringApplicationShutdownHook] com.alibaba.nacos.client.naming          : [NamingHttpClientManager] Start destroying NacosRestTemplate
2026-01-10T05:15:32.698+08:00  INFO 48928 --- [platform-gateway] [SpringApplicationShutdownHook] com.alibaba.nacos.client.naming          : [NamingHttpClientManager] Completed destruction of NacosRestTemplate
2026-01-10T05:15:32.698+08:00  INFO 48928 --- [platform-gateway] [SpringApplicationShutdownHook] com.alibaba.nacos.client.naming          : com.alibaba.nacos.client.naming.remote.http.NamingHttpClientProxy do shutdown stop
2026-01-10T05:15:32.698+08:00  INFO 48928 --- [platform-gateway] [SpringApplicationShutdownHook] com.alibaba.nacos.client.naming          : Shutdown naming grpc client proxy for  uuid->39cdb032-315b-4b4d-bf09-3b481f0fe1c4
2026-01-10T05:15:32.698+08:00  INFO 48928 --- [platform-gateway] [SpringApplicationShutdownHook] com.alibaba.nacos.client.naming          : Shutdown grpc redo service executor java.util.concurrent.ScheduledThreadPoolExecutor@67c9d537[Running, pool size = 1, active threads = 0, queued tasks = 1, completed tasks = 1876]
2026-01-10T05:15:32.699+08:00  INFO 48928 --- [platform-gateway] [SpringApplicationShutdownHook] com.alibaba.nacos.common.remote.client   : Shutdown rpc client, set status to shutdown
2026-01-10T05:15:32.699+08:00  INFO 48928 --- [platform-gateway] [SpringApplicationShutdownHook] com.alibaba.nacos.common.remote.client   : Shutdown client event executor java.util.concurrent.ScheduledThreadPoolExecutor@31f8fc83[Running, pool size = 2, active threads = 2, queued tasks = 0, completed tasks = 0]
2026-01-10T05:15:32.699+08:00  INFO 48928 --- [platform-gateway] [SpringApplicationShutdownHook] com.alibaba.nacos.common.remote.client   : Close current connection 1767973875196_172.18.0.1_46252
2026-01-10T05:15:32.705+08:00  INFO 48928 --- [platform-gateway] [SpringApplicationShutdownHook] c.a.n.c.remote.client.grpc.GrpcClient    : Shutdown grpc executor java.util.concurrent.ThreadPoolExecutor@6830ddda[Running, pool size = 9, active threads = 1, queued tasks = 0, completed tasks = 6546]
2026-01-10T05:15:32.706+08:00  INFO 48928 --- [platform-gateway] [SpringApplicationShutdownHook] com.alibaba.nacos.client.naming          : shutdown and remove naming rpc client  for uuid ->39cdb032-315b-4b4d-bf09-3b481f0fe1c4
2026-01-10T05:15:32.706+08:00  INFO 48928 --- [platform-gateway] [nacos-grpc-client-executor-localhost-2711] c.a.n.c.remote.client.grpc.GrpcClient    : [1767973875196_172.18.0.1_46252]Ignore complete event,isRunning:false,isAbandon=false
2026-01-10T05:15:32.706+08:00 ERROR 48928 --- [platform-gateway] [SpringApplicationShutdownHook] c.a.c.n.r.NacosGracefulShutdownDelegate  : Error occurred while performing Nacos client graceful shutdown

java.lang.NullPointerException: Cannot read field "sharePublisher" because "com.alibaba.nacos.common.notify.NotifyCenter.INSTANCE" is null
	at com.alibaba.nacos.common.notify.NotifyCenter.deregisterSubscriber(NotifyCenter.java:242)
	at com.alibaba.nacos.client.naming.remote.gprc.NamingGrpcClientProxy.shutdown(NamingGrpcClientProxy.java:537)
	at com.alibaba.nacos.client.naming.remote.NamingClientProxyDelegate.shutdown(NamingClientProxyDelegate.java:212)
	at com.alibaba.nacos.client.naming.NacosNamingService.shutDown(NacosNamingService.java:637)
	at com.alibaba.cloud.nacos.NacosServiceManager.nacosServiceShutDown(NacosServiceManager.java:117)
	at com.alibaba.cloud.nacos.registry.NacosServiceRegistry.close(NacosServiceRegistry.java:120)
	at org.springframework.cloud.client.serviceregistry.AbstractAutoServiceRegistration.stop(AbstractAutoServiceRegistration.java:310)
	at com.alibaba.cloud.nacos.registry.NacosGracefulShutdownDelegate.doGracefulShutdown(NacosGracefulShutdownDelegate.java:69)
	at com.alibaba.cloud.nacos.registry.NacosGracefulShutdownDelegate.onApplicationEvent(NacosGracefulShutdownDelegate.java:64)
	at com.alibaba.cloud.nacos.registry.NacosGracefulShutdownDelegate.onApplicationEvent(NacosGracefulShutdownDelegate.java:34)
	at org.springframework.context.event.SimpleApplicationEventMulticaster.doInvokeListener(SimpleApplicationEventMulticaster.java:180)
	at org.springframework.context.event.SimpleApplicationEventMulticaster.invokeListener(SimpleApplicationEventMulticaster.java:173)
	at org.springframework.context.event.SimpleApplicationEventMulticaster.multicastEvent(SimpleApplicationEventMulticaster.java:151)
	at org.springframework.context.support.AbstractApplicationContext.publishEvent(AbstractApplicationContext.java:447)
	at org.springframework.context.support.AbstractApplicationContext.publishEvent(AbstractApplicationContext.java:380)
	at org.springframework.context.support.AbstractApplicationContext.doClose(AbstractApplicationContext.java:1169)
	at org.springframework.boot.web.server.reactive.context.ReactiveWebServerApplicationContext.doClose(ReactiveWebServerApplicationContext.java:158)
	at org.springframework.context.support.AbstractApplicationContext.close(AbstractApplicationContext.java:1132)
	at org.springframework.boot.SpringApplicationShutdownHook.closeAndWait(SpringApplicationShutdownHook.java:147)
	at java.base/java.lang.Iterable.forEach(Iterable.java:75)
	at org.springframework.boot.SpringApplicationShutdownHook.run(SpringApplicationShutdownHook.java:116)
	at java.base/java.lang.Thread.run(Thread.java:1474)

2026-01-10T05:15:32.707+08:00 DEBUG 48928 --- [platform-gateway] [SpringApplicationShutdownHook] osGracefulShutdownConfig$$SpringCGLIB$$0 : 禁用 Nacos 自动注销失败（可能已被禁用）: Can not set final java.util.concurrent.atomic.AtomicBoolean field org.springframework.cloud.client.serviceregistry.AbstractAutoServiceRegistration.running to java.lang.Boolean
2026-01-10T05:15:32.715+08:00  INFO 48928 --- [platform-gateway] [SpringApplicationShutdownHook] o.s.boot.reactor.netty.GracefulShutdown  : Commencing graceful shutdown. Waiting for active requests to complete
2026-01-10T05:15:32.718+08:00  INFO 48928 --- [platform-gateway] [netty-shutdown] o.s.boot.reactor.netty.GracefulShutdown  : Graceful shutdown complete
2026-01-10T05:15:32.719+08:00 DEBUG 48928 --- [platform-gateway] [SpringApplicationShutdownHook] osGracefulShutdownConfig$$SpringCGLIB$$0 : 禁用 Nacos 自动注销失败（可能已被禁用）: Can not set final java.util.concurrent.atomic.AtomicBoolean field org.springframework.cloud.client.serviceregistry.AbstractAutoServiceRegistration.running to java.lang.Boolean
2026-01-10T05:15:32.719+08:00  INFO 48928 --- [platform-gateway] [SpringApplicationShutdownHook] o.s.boot.reactor.netty.GracefulShutdown  : Commencing graceful shutdown. Waiting for active requests to complete
2026-01-10T05:15:32.722+08:00  INFO 48928 --- [platform-gateway] [netty-shutdown] o.s.boot.reactor.netty.GracefulShutdown  : Graceful shutdown complete
2026-01-10T05:15:34.771+08:00  INFO 48928 --- [platform-gateway] [SpringApplicationShutdownHook] com.alibaba.nacos.client.naming          : com.alibaba.nacos.client.naming.cache.ServiceInfoHolder do shutdown begin
2026-01-10T05:15:34.771+08:00  INFO 48928 --- [platform-gateway] [SpringApplicationShutdownHook] com.alibaba.nacos.client.naming          : com.alibaba.nacos.client.naming.backups.FailoverReactor do shutdown begin
2026-01-10T05:15:34.771+08:00  INFO 48928 --- [platform-gateway] [SpringApplicationShutdownHook] com.alibaba.nacos.client.naming          : com.alibaba.nacos.client.naming.backups.FailoverReactor do shutdown stop
2026-01-10T05:15:34.771+08:00  INFO 48928 --- [platform-gateway] [SpringApplicationShutdownHook] com.alibaba.nacos.client.naming          : com.alibaba.nacos.client.naming.cache.ServiceInfoHolder do shutdown stop
2026-01-10T05:15:34.771+08:00  INFO 48928 --- [platform-gateway] [SpringApplicationShutdownHook] com.alibaba.nacos.client.naming          : com.alibaba.nacos.client.naming.remote.NamingClientProxyDelegate do shutdown begin
2026-01-10T05:15:34.771+08:00  INFO 48928 --- [platform-gateway] [SpringApplicationShutdownHook] com.alibaba.nacos.client.naming          : com.alibaba.nacos.client.naming.core.ServiceInfoUpdateService do shutdown begin
2026-01-10T05:15:34.771+08:00  INFO 48928 --- [platform-gateway] [SpringApplicationShutdownHook] com.alibaba.nacos.client.naming          : com.alibaba.nacos.client.naming.core.ServiceInfoUpdateService do shutdown stop
2026-01-10T05:15:34.771+08:00  INFO 48928 --- [platform-gateway] [SpringApplicationShutdownHook] c.a.n.c.a.AbstractServerListManager      : com.alibaba.nacos.client.naming.core.NamingServerListManager do shutdown begin
2026-01-10T05:15:34.771+08:00  INFO 48928 --- [platform-gateway] [SpringApplicationShutdownHook] c.a.n.c.a.AbstractServerListManager      : com.alibaba.nacos.client.naming.core.NamingServerListManager do shutdown stop
2026-01-10T05:15:34.771+08:00  INFO 48928 --- [platform-gateway] [SpringApplicationShutdownHook] com.alibaba.nacos.client.naming          : com.alibaba.nacos.client.naming.remote.http.NamingHttpClientProxy do shutdown begin
2026-01-10T05:15:34.771+08:00  INFO 48928 --- [platform-gateway] [SpringApplicationShutdownHook] com.alibaba.nacos.client.naming          : [NamingHttpClientManager] Start destroying NacosRestTemplate
2026-01-10T05:15:34.771+08:00  INFO 48928 --- [platform-gateway] [SpringApplicationShutdownHook] com.alibaba.nacos.client.naming          : [NamingHttpClientManager] Completed destruction of NacosRestTemplate
2026-01-10T05:15:34.771+08:00  INFO 48928 --- [platform-gateway] [SpringApplicationShutdownHook] com.alibaba.nacos.client.naming          : com.alibaba.nacos.client.naming.remote.http.NamingHttpClientProxy do shutdown stop
2026-01-10T05:15:34.771+08:00  INFO 48928 --- [platform-gateway] [SpringApplicationShutdownHook] com.alibaba.nacos.client.naming          : Shutdown naming grpc client proxy for  uuid->39cdb032-315b-4b4d-bf09-3b481f0fe1c4
2026-01-10T05:15:34.771+08:00  INFO 48928 --- [platform-gateway] [SpringApplicationShutdownHook] com.alibaba.nacos.client.naming          : Shutdown grpc redo service executor java.util.concurrent.ScheduledThreadPoolExecutor@67c9d537[Terminated, pool size = 0, active threads = 0, queued tasks = 0, completed tasks = 1876]
2026-01-10T05:15:34.771+08:00  INFO 48928 --- [platform-gateway] [SpringApplicationShutdownHook] com.alibaba.nacos.client.naming          : shutdown and remove naming rpc client  for uuid ->39cdb032-315b-4b4d-bf09-3b481f0fe1c4
2026-01-10T05:15:34.773+08:00  WARN 48928 --- [platform-gateway] [SpringApplicationShutdownHook] o.s.b.f.support.DisposableBeanAdapter    : Custom destroy method 'close' on bean with name 'nacosServiceRegistry' propagated an exception: java.lang.NullPointerException: Cannot read field "sharePublisher" because "com.alibaba.nacos.common.notify.NotifyCenter.INSTANCE" is null
2026-01-10T05:15:34.789+08:00  WARN 48928 --- [platform-gateway] [SpringApplicationShutdownHook] o.s.b.f.support.DisposableBeanAdapter    : Invocation of destroy method failed on bean with name 'reactiveRedisMessageListenerContainer': org.springframework.data.redis.RedisSystemException: Redis exception
